-- phpMyAdmin SQL Dump
-- version 5.2.1
-- https://www.phpmyadmin.net/
--
-- Hôte : database:3306
-- Généré le : lun. 19 fév. 2024 à 23:12
-- Version du serveur : 10.5.8-MariaDB-1:10.5.8+maria~focal
-- Version de PHP : 8.2.8

SET SQL_MODE = "NO_AUTO_VALUE_ON_ZERO";
START TRANSACTION;
SET time_zone = "+00:00";


/*!40101 SET @OLD_CHARACTER_SET_CLIENT=@@CHARACTER_SET_CLIENT */;
/*!40101 SET @OLD_CHARACTER_SET_RESULTS=@@CHARACTER_SET_RESULTS */;
/*!40101 SET @OLD_COLLATION_CONNECTION=@@COLLATION_CONNECTION */;
/*!40101 SET NAMES utf8mb4 */;

--
-- Base de données : `app_db`
--
CREATE DATABASE IF NOT EXISTS `app_clients_db` DEFAULT CHARACTER SET utf8mb4 COLLATE utf8mb4_general_ci;
USE `app_clients_db`;

-- --------------------------------------------------------

--
-- Structure de la table `account`
--

CREATE TABLE IF NOT EXISTS `account` (
  `id` int(11) NOT NULL AUTO_INCREMENT,
  `email` varchar(255) COLLATE utf8mb4_unicode_ci NOT NULL,
  `password` varchar(255) COLLATE utf8mb4_unicode_ci NOT NULL,
  `phone` varchar(255) COLLATE utf8mb4_unicode_ci NOT NULL,
  PRIMARY KEY (`id`)
) ENGINE=InnoDB AUTO_INCREMENT=502 DEFAULT CHARSET=utf8mb4 COLLATE=utf8mb4_unicode_ci;

--
-- Déchargement des données de la table `account`
--

INSERT INTO `account` (`id`, `email`, `password`, `phone`) VALUES
(1, 'brossi@tele2.fr', 'nti&,\\1gQ', '0622459502'),
(2, 'dominique01@dbmail.com', 'R^r#L1wvo0kB+&h8', '0776988073'),
(3, 'valentine.normand@dbmail.com', '(ungsl^\\', '+33 (0)6 79 91 57 84'),
(4, 'baron.frederic@robert.com', '9k+4zWI', '06 31 34 61 37'),
(5, 'martin.picard@laposte.net', '[b7\';a08zZQ#vW@', '+33 6 19 71 67 40'),
(6, 'chauveau.charles@nguyen.com', '7\'M0[(rWFMV{[~0Nr', '0650762815'),
(7, 'vleblanc@laposte.net', '4%Wg*lXaE[t8,Iz2)6H9', '+33 (0)6 30 44 19 40'),
(8, 'benoit.munoz@pages.com', 'Lk/q_72', '07 76 27 74 05'),
(9, 'edupuis@joseph.net', 'G\'}fCb.CO:tQ', '06 64 50 14 84'),
(10, 'olivie60@hotmail.fr', 'C}.;-Fmf\'', '+33 7 59 58 89 42'),
(11, 'alves.helene@denis.fr', '\\8.{y\"oS', '+33 (0)7 72 24 56 65'),
(12, 'leon.rolland@tele2.fr', '8n+UcWa>ur[C_dt\",%y7', '+33 7 54 53 78 67'),
(13, 'hlagarde@yahoo.fr', '^/ne)AV', '+33 (0)6 74 57 89 99'),
(14, 'pmaury@free.fr', '\"$:wikb}wf6;B?w^(+', '+33 (0)7 30 12 20 55'),
(15, 'margaret.allain@sfr.fr', 'kbG-?.k*$9TlN4\\-B\"\'', '+33 7 83 82 03 90'),
(16, 'qbrunet@devaux.fr', 'Q\'to[Ig~Tp', '0759356053'),
(17, 'reynaud.charlotte@rodriguez.com', 'XDb]ReV)b.EKuz!4Q2', '+33 6 06 62 12 89'),
(18, 'briand.frederic@noos.fr', 'xc(`%:B<AT', '+33 (0)7 53 80 63 69'),
(19, 'cblin@laposte.net', 'U#:E.8gsVI9dZY', '07 54 90 09 90'),
(20, 'evrard.arnaude@carlier.fr', '`w/zw&#kZSFRM', '+33 7 56 55 42 89'),
(21, 'rodriguez.josephine@laposte.net', 'TA>+]KX7UC#Cv]', '+33 (0)6 39 39 17 59'),
(22, 'vbousquet@laurent.fr', 'Xs|rOyy?!Atyn', '+33 6 84 92 58 55'),
(23, 'jules89@laposte.net', '4n.+@oTj(', '06 10 61 82 56'),
(24, 'leon.guibert@guillot.com', 'M|O5%_>o7', '0732261476'),
(25, 'therese.blin@noos.fr', 'NOFJ0w4+', '0766989872'),
(26, 'eroger@hebert.net', ',2Ep?2X2Mq%e', '07 64 03 43 29'),
(27, 'moulin.guillaume@gmail.com', 'F;1]C\'~&\"', '0639645578'),
(28, 'lucas57@laposte.net', 'hu^i^S}ARNIpE}Bx;P', '0737755143'),
(29, 'faivre.vincent@meyer.com', 'L-uX2)fdmK+s_OC', '+33 (0)7 64 43 09 70'),
(30, 'cgimenez@gmail.com', 'Z,U?aMME)k;o', '0792337514'),
(31, 'mdenis@tele2.fr', '9.Ym6$', '+33 7 78 10 39 67'),
(32, 'noel41@laposte.net', 'Aa}h4^5;5:~.mv:bb%x+', '+33 (0)7 98 63 73 68'),
(33, 'jfleury@live.com', ',1;uI<GU?MW+', '+33 (0)7 90 26 95 66'),
(34, 'sylvie30@leroux.fr', '^1]HM\'?[jY', '06 92 99 63 90'),
(35, 'lguillet@bourgeois.com', 'XFF0Do^uF?ruoeH?l', '+33 (0)6 49 77 16 42'),
(36, 'thuet@gallet.fr', '^a[|gf', '07 89 24 63 53'),
(37, 'dominique71@hebert.com', '|w37UQ6d={', '0664674007'),
(38, 'matthieu.seguin@ferreira.com', 'x&lwH{~*^!;=2yeC', '0645764367'),
(39, 'victor10@etienne.com', 'B7~\\E]m=c', '07 48 38 09 91'),
(40, 'nicolas99@club-internet.fr', 't*O=e9PK92A,j3nV', '06 56 17 03 85'),
(41, 'martin76@baron.com', '2UYe(&JHx:', '+33 (0)7 98 94 37 41'),
(42, 'augustin.rolland@hubert.net', 'ri0C*cD', '+33 (0)6 65 03 87 79'),
(43, 'valerie61@chauveau.fr', 'a~>,DE2jXC:[=)', '+33 6 05 14 38 25'),
(44, 'agnes30@picard.com', 'WO>Li\'}1q\'_+pG;Yil4', '+33 7 85 28 32 53'),
(45, 'eric21@live.com', '-4&)/[;_d[=_YulR3', '07 53 87 42 54'),
(46, 'helene40@wanadoo.fr', 'P.H)aGcOb', '+33 6 26 46 88 18'),
(47, 'barbe.emmanuel@guilbert.org', '/?egf4+', '0602500761'),
(48, 'penelope.auger@blin.fr', '_nT!aTd2SV', '+33 (0)6 94 71 48 18'),
(49, 'rguillou@gmail.com', '}_4.tV),9x1)6^5`', '+33 6 19 84 05 52'),
(50, 'mcourtois@free.fr', 'By_9sJQEE6', '+33 7 86 24 16 03'),
(51, 'wmarchal@costa.com', '#zN2[@]OBQ', '+33 (0)7 79 89 82 12'),
(52, 'theodore.berger@valette.com', 'wlt`p={[!xmof$Gfc', '06 81 98 84 28'),
(53, 'valerie61@club-internet.fr', '?a<]zMLof$eItKLB6', '+33 7 40 47 05 10'),
(54, 'ilemaire@jacques.fr', 'WHYqBgq5%5#)+:+', '0737141734'),
(55, 'zbarthelemy@raymond.com', '^OD9/1n*s-x8<)wQ', '+33 6 16 51 53 18'),
(56, 'clemence.collet@marchand.com', 'AxpSpv~*H,skJ\"J5l', '+33 (0)6 41 48 53 26'),
(57, 'cgiraud@club-internet.fr', 'I(famE?p\'}RtwmO&x', '06 64 78 24 52'),
(58, 'alexandre.colette@yahoo.fr', '1Om1v*)Lo{c<d);jI', '0785913553'),
(59, 'collet.pierre@guillet.com', '8iWOWC{Xy)t;', '+33 6 95 24 06 12'),
(60, 'weber.benoit@pires.com', 'x?QvT{~+6>x|OwFS4y]', '0741057090'),
(61, 'xschmitt@millet.net', 'Y-$4^/\'v/YW(vx/,', '07 39 37 94 85'),
(62, 'jferreira@tele2.fr', ':&W.D!9b', '06 48 58 89 64'),
(63, 'dominique70@carpentier.com', 'I<{)?Xq{V[mEcy:', '+33 (0)6 29 29 13 81'),
(64, 'simon.hugues@samson.fr', 'jH[%I&A<X9u!a', '+33 (0)6 72 25 58 03'),
(65, 'wbenard@gonzalez.com', 'Ujr)lbh$uKHm{NYJE`ft', '07 93 14 87 77'),
(66, 'william.begue@free.fr', '\\7\"wt&)jL5Cx6', '06 23 67 98 80'),
(67, 'antoinette51@guillou.org', 'Lq=&k22jV', '0680044787'),
(68, 'gbaudry@michaud.fr', 'U{RV_{wXhA+[e6^HTEB', '+33 (0)7 99 74 05 76'),
(69, 'audrey.barthelemy@yahoo.fr', 'cg2q=@7hyJ&US^', '+33 (0)6 61 45 38 03'),
(70, 'texier.thomas@gilles.com', 'RVwYcnqBp\"', '07 79 09 90 03'),
(71, 'cecile52@texier.fr', '|Rr|QT:K', '07 47 54 90 25'),
(72, 'dominique.hubert@remy.fr', '8GXnX7}cG3L,v', '0642648412'),
(73, 'genevieve13@dbmail.com', '{A2&4giC=.zm)S7Zn', '06 83 00 45 07'),
(74, 'bcollin@antoine.net', '154rG1]JvV.IUkK', '06 11 03 35 79'),
(75, 'asalmon@pichon.fr', 'nu~P1ty3`!SG4', '+33 6 54 43 11 79'),
(76, 'edouard.lesage@loiseau.fr', 'lf&^M:R%', '07 33 10 92 47'),
(77, 'marine.pascal@orange.fr', 'pIy5!L[', '+33 6 96 26 30 32'),
(78, 'laroche.laurent@perrin.net', 'M~x$Ihc36{', '07 87 04 82 02'),
(79, 'alain42@laposte.net', '[=PdV.&Tf*I7/|', '0619777329'),
(80, 'lemoine.benoit@olivier.com', 'ALAb^\'_$I1*_\\1~sf`H', '0688178134'),
(81, 'rregnier@live.com', 'Zcw{@fu,laE', '0688285915'),
(82, 'isaac.picard@michaud.com', 's\'Ux\'|&sz~}~2g*{?oos', '+33 7 59 56 78 17'),
(83, 'gabrielle82@michaud.fr', '?jrX=avVAGI>L,', '06 77 72 03 40'),
(84, 'hubert.maggie@dbmail.com', '\\?wH}D1@Ey!:>QUKR', '+33 7 52 64 49 57'),
(85, 'frederic44@yahoo.fr', 'gy}o)NE:):aw-', '0694270954'),
(86, 'herve.laurence@verdier.com', 'SskNx^/,Kt', '+33 6 26 74 82 34'),
(87, 'auguste.royer@monnier.com', 'VStptt,sTr?,I6Q', '07 39 23 56 23'),
(88, 'bertrand08@yahoo.fr', 'F3g17x|,', '0654512367'),
(89, 'hgomez@club-internet.fr', ';QjG~?xC&y!Aq', '0742067203'),
(90, 'alain.guyon@tele2.fr', ')T5YO<yjMzwIo', '+33 (0)6 24 24 34 00'),
(91, 'vlecoq@gmail.com', 'Bl(vBP\':0J/~,', '0754549567'),
(92, 'imbert.noel@marie.com', 'W>i\'FL<', '0748873340'),
(93, 'qlombard@tele2.fr', '7q\"_py)l', '+33 (0)6 01 97 46 18'),
(94, 'qgeorges@guillon.com', '@uY<%,ZEh`LLZ4|%a+', '0782383460'),
(95, 'camille62@live.com', '#w#O5}D.e<<', '+33 6 73 76 36 66'),
(96, 'emile38@dbmail.com', '02>s\\l_`}E#|haRgR_J\"', '07 39 91 74 75'),
(97, 'bblanc@guillou.org', 'f\">&Is>eQ\\A5[t;5', '+33 7 84 22 73 37'),
(98, 'margaux91@godard.fr', 'nw62WM=k___x+7', '06 85 51 05 52'),
(99, 'louis.jean@legendre.com', '+9I\'\'N!rdongBKZ|', '+33 7 40 22 38 64'),
(100, 'vguibert@coste.fr', '{}W`M!;rrfv\'Ok', '06 51 31 73 67'),
(101, 'sduhamel@chauvin.fr', 'VQIp[&J>x>', '+33 7 55 07 19 17'),
(102, 'jerome.durand@lambert.fr', '`+S)H3TKr:t', '+33 (0)7 85 33 64 24'),
(103, 'antoinette.hernandez@pierre.fr', 'iXisZw', '06 81 07 96 93'),
(104, 'wbailly@raynaud.com', 'WI#9!-=j}h6+(}DT(ih~', '0784534608'),
(105, 'celine.ribeiro@bourgeois.net', '+^_sDzV4&>dYCF+', '07 55 87 16 21'),
(106, 'genevieve.rocher@yahoo.fr', 'KHLSWvaIIsK:dB', '+33 6 14 07 64 03'),
(107, 'marie.perrot@chartier.fr', 'LI^SKj}XlP>wo%ha7NNB', '0781680514'),
(108, 'danielle.lejeune@tele2.fr', 'iOFgnzYaIut9_S', '+33 (0)6 06 72 57 16'),
(109, 'noemi72@orange.fr', 'h*}:0Z/jwdy:Uz]lREz', '+33 (0)6 83 83 77 55'),
(110, 'amartel@gonzalez.org', ')bFm\"&O!q?ev`', '+33 7 92 61 14 92'),
(111, 'bernadette84@evrard.com', '[FL^D-u=.S)<@rCh](', '07 83 71 51 23'),
(112, 'uvoisin@marchal.com', '=s/|77eRPNR4kyC/', '07 41 93 32 94'),
(113, 'antoine83@dumas.fr', '9%qTn;1b#', '+33 (0)6 60 59 96 16'),
(114, 'isaac66@martins.fr', 'u~L$pT', '+33 (0)7 50 96 43 93'),
(115, 'therese14@dbmail.com', ';gH8}Mhp7.g&', '07 59 86 25 33'),
(116, 'lgarnier@gmail.com', '\\D9h5:TVJ4jeVl', '06 73 77 12 81'),
(117, 'josephine00@laposte.net', '<7Mua23O', '0660721342'),
(118, 'fernandes.henri@blanchet.org', 'NJ:,DQP', '+33 (0)7 90 07 00 17'),
(119, 'isaac05@wanadoo.fr', '^2s$wWYpx(N#', '+33 6 83 69 15 78'),
(120, 'timothee.delaunay@sfr.fr', 'tI[{KDd.<', '06 37 76 46 23'),
(121, 'nicole.blin@cousin.com', 'ef<+%kA@:)t-**ZH4P-e', '07 32 28 43 83'),
(122, 'payet.victoire@girard.com', 'EoW93\'9I((FQ/%\'FC)\"z', '07 38 50 16 32'),
(123, 'wguerin@hotmail.fr', '&7;@r384{:${6C!qYwE', '+33 7 92 18 25 76'),
(124, 'emorvan@gmail.com', 'rQ)sY~Zko=/zTabQTM%?', '0610097908'),
(125, 'adelaide14@guillaume.com', 'TiKl|.jcO1El6P9', '07 67 03 99 22'),
(126, 'roy.guy@laurent.net', 'O4jbawjJRn:s', '+33 (0)7 48 78 14 93'),
(127, 'gabrielle55@chauveau.net', 'SQ8OX5Fc?o5', '+33 6 91 29 15 39'),
(128, 'srenault@buisson.fr', 'KD5t\"?,\"$s^K6$', '+33 (0)6 39 92 97 59'),
(129, 'marthe.blanchet@yahoo.fr', 'I%+%OY\"p%\\SQMSsR,~t', '07 54 46 62 01'),
(130, 'mmorel@gilbert.com', 'xy\"n[F\'0v-SA!b|\\', '+33 6 86 63 33 92'),
(131, 'eleonore58@barbier.fr', 'x}a#izrZ,H=N4uRd', '0693069256'),
(132, 'christiane31@orange.fr', '\\+@so!LI:', '+33 7 57 00 89 98'),
(133, 'wleroux@laposte.net', 'p{~\'eUxjxfQLe', '06 49 74 19 69'),
(134, 'jacques.levy@nicolas.com', 'Ek\"*`h^=', '+33 (0)7 33 42 76 15'),
(135, 'anouk.fouquet@lacroix.com', 'i+?..QPlCP5^zu6!^U&n', '06 10 45 46 59'),
(136, 'pinto.jerome@tele2.fr', '~z}I!G^NHv5D5=?Ba', '07 83 41 14 54'),
(137, 'vregnier@laposte.net', '}C{`!nFSqMyH', '+33 (0)6 18 78 50 40'),
(138, 'epages@free.fr', '\'9!Y%T@_q|>%I0', '+33 (0)6 82 45 08 68'),
(139, 'victor.albert@pons.net', '}toE\\9S+`cbb', '+33 (0)6 26 77 51 48'),
(140, 'claudine21@gmail.com', '-!{n*Us9H^8;!t?$ud', '+33 6 69 12 91 73'),
(141, 'victor13@vallee.fr', 'rj}rl02}~2_bs', '+33 (0)7 33 97 66 78'),
(142, 'simone06@deoliveira.com', 'w~_9KW', '0630972902'),
(143, 'spetitjean@free.fr', 'NpecES3H^T8.Oxs[S', '+33 (0)7 52 44 75 96'),
(144, 'fbrunet@tele2.fr', 'N!uS(i4', '+33 (0)7 56 97 82 83'),
(145, 'qrocher@delannoy.com', 'y-Qw;mx', '0645149902'),
(146, 'lambert.alphonse@valette.net', '+[<k\'6h', '0735071496'),
(147, 'franck09@gay.fr', 'u6Iece\"WJMe$a\'AV}K', '+33 7 79 95 95 14'),
(148, 'hortense.benoit@orange.fr', '$~X4B$UHvd;=6|', '0759210667'),
(149, 'roger.martin@laposte.net', '[$D@,(p', '0626297653'),
(150, 'anne.chevallier@gmail.com', 'H4dR&_X3wtU#vs#II+', '07 93 65 53 14'),
(151, 'mboutin@bernier.org', 'A,[\\1)(0t5M\"%\'2,(k', '+33 6 29 31 62 85'),
(152, 'jguerin@andre.net', 'x;eztdbRHsi;', '+33 7 73 92 81 88'),
(153, 'suzanne72@weiss.fr', 'wHN:w^C$[EQa3A<{/h', '07 57 30 54 35'),
(154, 'cecile56@hamon.com', '~x>WznVv+a3,', '0751648214'),
(155, 'andre37@wanadoo.fr', 'K}^L{`MfRC', '+33 (0)6 32 38 86 68'),
(156, 'martin.renault@hardy.com', 'S\\#c(GEJ+\'2bps6$', '+33 (0)6 67 67 78 14'),
(157, 'bdubois@yahoo.fr', 'w4&tch+\\.&\\s*<&OcBOL', '07 98 92 31 59'),
(158, 'aime.fernandez@nicolas.com', 'ng5(9_T:t7', '07 86 26 68 05'),
(159, 'antoinette.dupre@gmail.com', '-\"Q%\\\'3$mHUA.N/?Ji4', '0633031487'),
(160, 'chevalier.guillaume@teixeira.fr', 'gN\"DRljiK^5', '+33 (0)7 33 71 22 77'),
(161, 'aimee86@live.com', 'hnLBCe&5W{SXAHV#lC', '+33 (0)7 96 17 45 85'),
(162, 'celina.bazin@club-internet.fr', 'I,^e*P^X-$Dc', '+33 6 93 29 88 14'),
(163, 'remy99@maillet.com', 'WOR{Uu:-;aC}e', '06 94 46 30 06'),
(164, 'lefevre.hortense@hotmail.fr', 'U&wf|\':E%Nu|ri+cy]\'', '+33 (0)6 14 35 27 66'),
(165, 'leconte.victoire@leger.com', '%1hh@f[:cpq4R+V7j!', '06 51 54 40 44'),
(166, 'qbigot@lebreton.fr', 'yi6Hd=*Ay$,i9mt0P[', '+33 7 72 76 58 85'),
(167, 'juliette25@orange.fr', 'OV*J`Bp', '+33 6 98 24 56 96'),
(168, 'sebastien57@bertrand.com', ')prtA[t@O+]%#E15', '+33 7 77 97 85 35'),
(169, 'diane.auger@live.com', '\'~^,|YSm|gj}c~*o$', '+33 7 87 92 74 12'),
(170, 'gilles.marion@cohen.com', '_+s*b\".h)i?(8=gL6', '+33 (0)7 31 59 07 28'),
(171, 'couturier.theodore@peron.net', '=kirQ.4[Bg', '0793536435'),
(172, 'dleveque@martineau.com', 'y>h1<w^JdqM`/>Y$T?A', '+33 6 82 29 62 48'),
(173, 'schmitt.josette@imbert.org', 'lLD\\/5s)7fw7$Nw3m_FY', '+33 (0)6 46 51 86 99'),
(174, 'odacosta@wanadoo.fr', 'us#-n4ci&E\"YhKQ&ES!', '0624456215'),
(175, 'valerie16@rolland.fr', '`\"HPK/u}H(8@mt&%J[', '0784524419'),
(176, 'eadam@hotmail.fr', 'j_;4nWaP,{.{Q', '06 34 50 09 84'),
(177, 'boulanger.nathalie@noos.fr', 'm&1dj<W=&NiHP:', '0753980187'),
(178, 'eroyer@hotmail.fr', 'BLmU`72O(sfTol', '06 30 57 43 97'),
(179, 'pascal.henri@live.com', ')R~iU);=nFM4/kba_tO', '06 25 68 96 35'),
(180, 'egauthier@arnaud.net', 'Huw]-8$=E3rTt-9O', '07 85 46 31 97'),
(181, 'germain.lorraine@laposte.net', '.1p92N/!%^-HG@/8.s', '+33 (0)6 31 50 09 22'),
(182, 'marc.maury@ledoux.net', 'YCPX;4', '07 58 05 50 57'),
(183, 'caroline.bertrand@orange.fr', 'ND?Z@P\\SC|6!2<|f', '+33 (0)6 74 90 07 98'),
(184, 'roger91@dupuy.net', '5FAeMzt]6#W_Qj\\N', '0638628961'),
(185, 'maurice.ledoux@noos.fr', ':}5Q$Y]y=?:@SsUc[*', '0643418458'),
(186, 'martinez.caroline@richard.fr', 'Cr?[VDxNKzwX', '+33 6 81 91 03 30'),
(187, 'dupuy.emile@pages.com', '`ZQ>-f&h?BA', '07 68 42 55 44'),
(188, 'emilie68@laposte.net', ':b_J?nHyV[', '+33 6 11 23 81 60'),
(189, 'zoe13@gauthier.fr', 'XNVp$]m+=AT}}M6ylKW', '07 32 99 93 45'),
(190, 'jdelannoy@club-internet.fr', '0k2\'Dpl(h-|', '07 62 61 41 17'),
(191, 'sanchez.julien@pages.com', '?6I4Kdn0', '+33 (0)7 87 75 29 61'),
(192, 'alice84@sfr.fr', 'k,fj*#fb9V:3.aG', '0778012629'),
(193, 'alice.poirier@gmail.com', 'Wu/!$.d0ml%GYbutw}', '+33 6 30 67 43 78'),
(194, 'honore.guilbert@noos.fr', '\'{ci&MLIeeZ`fY|IA}t', '0632997292'),
(195, 'oleger@wanadoo.fr', '(+9&m%S5fK;.', '+33 (0)6 74 81 61 73'),
(196, 'hdupre@gmail.com', '8(WdHhR\"G\"', '+33 (0)6 81 98 72 11'),
(197, 'voisin.francoise@orange.fr', 'V{+vK!7`S!p;UsbkU1u&', '0696522657'),
(198, 'qleleu@gmail.com', '=,PfdUc$$aO3:,', '+33 7 39 37 05 22'),
(199, 'frederic.bourdon@martinez.com', 'fhHNgEe\\%,>J', '06 57 64 59 04'),
(200, 'charlotte.joubert@leblanc.fr', '\'fO<M(jjYW~Pz!yQ', '0640606381'),
(201, 'torres.nathalie@gros.fr', '\\nLHV(@nU,W1+', '06 19 37 64 53'),
(202, 'mpruvost@noos.fr', 'dFl)>S{:6xW.l4', '+33 7 63 93 12 91'),
(203, 'adrien.dias@besnard.com', '&{[g/v', '06 43 60 00 81'),
(204, 'henriette.samson@dubois.com', '3{E8yIJ3Op~(,.k', '0768724190'),
(205, 'ledoux.michelle@live.com', '|WYu3OD$[b1AXtG', '+33 7 45 72 99 03'),
(206, 'amelie98@paris.org', 'p4oH`]D_az', '+33 (0)7 50 73 75 72'),
(207, 'jacques.chevallier@orange.fr', 'Uv%^Ab\"-l}&GLKYRY', '0730784077'),
(208, 'mary.denise@pottier.fr', 'h:2nVsK+5B*y9[Q', '0751416056'),
(209, 'mathilde.leroy@roger.org', 'P>~sdqN@%2n{p(j^);', '0666084456'),
(210, 'francois.hebert@nguyen.com', 'B^vF[U9Mh8tV~X7', '+33 (0)6 46 01 90 92'),
(211, 'nchauveau@valentin.fr', 'OhF\"p+s=MKjCdd>', '+33 (0)7 31 68 95 06'),
(212, 'xavier.albert@coulon.com', ',6+ug_@5n1iwibv&R', '+33 (0)6 63 34 43 57'),
(213, 'edavid@yahoo.fr', 'E%9`&6[+E^#0E8/\"5]w@', '+33 6 67 94 82 94'),
(214, 'suzanne91@sauvage.org', '\\9g,okH?EnMz`_$a`/', '+33 (0)7 91 48 25 98'),
(215, 'benard.susanne@club-internet.fr', '~@`lb)(ekaI]P+xN5F+{', '07 73 89 56 14'),
(216, 'henri.rey@free.fr', 'EjrwIiGE{\\U%S?Sq6', '+33 7 50 34 08 60'),
(217, 'louis.lemaire@jacquot.org', '2>@RC|E3s4,dU', '+33 (0)6 56 59 56 49'),
(218, 'marie.leon@bouchet.fr', 'k-Kh|P', '06 22 09 91 72'),
(219, 'uetienne@bousquet.org', 'QbR#I{r_Mb5G?', '+33 7 89 51 51 29'),
(220, 'chevallier.mathilde@hamel.fr', '[OVnU*5r>S<G', '+33 (0)7 35 42 24 23'),
(221, 'isaac.begue@laposte.net', 'h|\\rX,2/|t-N.', '+33 7 30 42 50 17'),
(222, 'odavid@laposte.net', '_]6(-Ds', '07 81 70 09 34'),
(223, 'charles.christine@free.fr', '#y6P-X', '0637855065'),
(224, 'peron.theophile@club-internet.fr', ',~I=_=v8g&#25!]#y^WH', '0783854277'),
(225, 'amelie.monnier@legall.org', 'w#-=!s', '+33 (0)7 61 70 67 73'),
(226, 'iauger@noos.fr', '()Uh#\"oF', '0732767737'),
(227, 'znavarro@noos.fr', 'CFvYO0_eFG$D', '+33 7 50 83 05 97'),
(228, 'faivre.julie@gomez.org', 'd6i63I', '+33 7 84 38 46 13'),
(229, 'nathalie84@free.fr', '!bU[udbn:S', '0783698398'),
(230, 'cousin.arnaude@orange.fr', 'OqbDtei1jsV\'', '0698382094'),
(231, 'joseph.susan@tele2.fr', ':6X%~#1DM(', '06 85 92 59 55'),
(232, 'ndupre@club-internet.fr', '(^gf\'7;', '+33 7 93 49 14 81'),
(233, 'olivie.fouquet@hotmail.fr', 'c0HOrr_O$m-P', '0766035384'),
(234, 'xguillou@live.com', 'TH&3~zC]66Nl=5Dc', '+33 (0)6 37 68 59 25'),
(235, 'martin.bouvet@wanadoo.fr', 'ye4m92fF5a', '+33 7 41 30 76 04'),
(236, 'lucas.lemaitre@munoz.org', ')F}w,wo', '+33 6 91 11 42 28'),
(237, 'augustin.marie@chauveau.fr', 'g8mR^gP:6', '+33 (0)7 35 05 73 73'),
(238, 'weiss.margaux@fernandes.fr', 'b{GVfH', '0737847797'),
(239, 'jfaivre@sauvage.com', 'R~BW.~spI#B;\\-^ypv', '0753033811'),
(240, 'arthur16@chauvin.net', 'Pd\"7ML<9}/I\'VP07#oF', '06 06 89 37 96'),
(241, 'aimbert@gregoire.com', 'f]nTYBI;@', '06 67 38 36 42'),
(242, 'william35@fernandes.net', '9mi:bU)=uA', '0622249758'),
(243, 'claudine.merle@hotmail.fr', '/7.<|HX', '0643588634'),
(244, 'nicolas.maillard@free.fr', 'TG}HpnRL*|vNm^U', '+33 6 04 38 89 23'),
(245, 'bseguin@becker.com', 'pQ_wSCsLCz', '+33 (0)7 54 20 59 64'),
(246, 'verdier.francoise@delorme.com', 'c3Z64TCC=', '07 33 62 00 01'),
(247, 'slesage@orange.fr', 'Y2AJGV)Xpe{8J\'', '+33 (0)6 93 16 86 14'),
(248, 'monique.wagner@brun.com', 'mA\"\'E(4jyiS:#aH]X`e', '+33 7 76 25 24 16'),
(249, 'pineau.thomas@louis.com', '<M%@1>1*7xV#6}', '+33 (0)6 87 06 91 39'),
(250, 'emmanuel.allain@yahoo.fr', 'nYV[M9', '+33 6 08 82 79 33'),
(251, 'fbouvet@gallet.fr', '7(D+U+~!rP-D', '+33 (0)6 12 53 34 94'),
(252, 'carlier.christine@yahoo.fr', 'sIwEDInPf?W', '+33 (0)7 38 73 54 97'),
(253, 'arthur27@noos.fr', '(|C6dB<c8Tm,:Q\\BCF`O', '0610159938'),
(254, 'dasilva.rene@dufour.fr', ';<fvVn#HEHIaW)', '+33 7 32 25 58 74'),
(255, 'menard.timothee@grondin.com', '{37o8Gd\"Y^]xXBC;5!PN', '+33 (0)6 17 17 33 22'),
(256, 'jeannine.hardy@allain.com', '46/B@g?!>Hau8d', '+33 (0)6 54 99 25 84'),
(257, 'paul.frederic@laposte.net', 'BC0\"l;q)F_', '+33 7 69 09 35 49'),
(258, 'claudine52@hotmail.fr', 'N-Yn7H', '+33 (0)6 29 42 45 34'),
(259, 'thierry25@laposte.net', 'qXrTrT?A;H`', '0654889242'),
(260, 'laure.berthelot@tele2.fr', 'ZJeYQtlot<J@/q~f>', '+33 7 51 99 55 19'),
(261, 'franck.desousa@dbmail.com', '.hP+\\Cc@4aCMv|*kU', '06 67 16 55 47'),
(262, 'omallet@orange.fr', 'C?v\'|\\v', '06 57 42 15 04'),
(263, 'arthur.devaux@club-internet.fr', 'yCx!P{&$ZmVWT]s', '+33 7 72 39 65 91'),
(264, 'gillet.edith@lamy.fr', 'i3&Vmoj', '+33 (0)7 76 42 81 07'),
(265, 'nbailly@lacombe.fr', 'rX4G3O)jo', '+33 7 76 76 71 65'),
(266, 'bodin.sebastien@chauveau.net', '|[v_RVP:o6zDYyPdiRL', '+33 (0)7 31 35 35 02'),
(267, 'jacob.henri@free.fr', 'a2dvTmWtC_o!3', '06 68 38 57 37'),
(268, 'remy02@yahoo.fr', '\\eJj;OkteW^', '+33 (0)7 83 47 44 73'),
(269, 'alexandrie61@live.com', 'Lpzg_a;r', '+33 (0)6 83 39 47 88'),
(270, 'bernard11@hotmail.fr', 'G#rW5kP\'{a0??T/', '0621412083'),
(271, 'nlegrand@yahoo.fr', '^kmHV*@,Crw8Ywo}iS5z', '0659210602'),
(272, 'proger@dasilva.com', '+TDiFcPZ%#<sJp6x', '+33 (0)6 40 24 80 37'),
(273, 'madeleine64@wagner.fr', '_f(.cQzpY', '0770652034'),
(274, 'honore.masse@coulon.com', 'yR#b*DSI8MH2ss\\5|', '0696786866'),
(275, 'yblanc@guyon.com', '>C\'vo({#nO9vtY9O', '0752554923'),
(276, 'alain.faure@thomas.com', ';9\\*Y|6E)An@\\w/~SRX', '+33 (0)7 97 49 22 50'),
(277, 'adrienne16@noos.fr', '$7L|j\"Gpcw9+nOb{mxI#', '+33 (0)6 46 99 73 64'),
(278, 'arnaude29@wanadoo.fr', '/Q+ca2xIhPC{%Z', '+33 7 61 55 27 07'),
(279, 'emmanuelle08@yahoo.fr', 'zKk>:&j;^\\(', '+33 (0)7 46 74 07 72'),
(280, 'laure.leroux@free.fr', 'G8FYUf[#)o0h!_!b', '+33 (0)6 26 48 91 10'),
(281, 'alphonse10@hotmail.fr', '[-!w9h2j/V', '+33 7 89 61 51 28'),
(282, 'franck83@hamel.fr', 'G!u^=j', '+33 (0)7 96 88 91 30'),
(283, 'madeleine22@noos.fr', ']M#~]?.W^$Z', '0789883641'),
(284, 'qrodriguez@club-internet.fr', 'hGc<?aekPRsmj17lpE', '+33 7 75 09 17 13'),
(285, 'jean.gerard@club-internet.fr', 'co)<Oz,^@o\\b`b1f', '+33 (0)7 62 64 96 49'),
(286, 'clement.diane@roger.com', 'lvsgkv&e6GpuAqIt5{b.', '+33 7 45 42 32 16'),
(287, 'edith.chauveau@becker.fr', '8z`{V3/A', '+33 7 61 97 27 71'),
(288, 'antoine71@dacosta.net', ']Ji1v)r9W_nfP]|', '+33 6 22 48 76 26'),
(289, 'olivier.emmanuel@bruneau.com', 'R2Xe~H;', '0768930843'),
(290, 'theophile00@orange.fr', 'cE6C6>Qgr~vO!}4', '+33 (0)6 39 87 66 00'),
(291, 'michel.lambert@pinto.fr', 'm}=NK<qo>bEFKcpkr.9', '+33 (0)7 46 72 12 98'),
(292, 'nathalie.marechal@tele2.fr', 'Qme,&F#/4{&_}', '07 42 12 43 75'),
(293, 'paul.alves@sfr.fr', 'F$~\'9$\\^*CW;=83', '+33 (0)7 72 14 37 79'),
(294, 'ffernandes@jacob.fr', 'Wi*oE_~KJ-\"CQ', '06 29 98 06 95'),
(295, 'remy84@guichard.net', '-Z4`\"D41kl7', '+33 6 20 08 44 95'),
(296, 'emmanuel.aubert@delattre.fr', 'kuR;^l(Y+R', '0670175174'),
(297, 'laroche.thomas@hotmail.fr', '2:&|^aq\"}M5`9W>\'', '06 50 41 44 20'),
(298, 'xbecker@sfr.fr', '9Suz\'zbG>_+uy}Ib41', '+33 7 89 17 33 06'),
(299, 'teixeira.josephine@guillet.com', '$RGR1n', '0688260517'),
(300, 'zhardy@wanadoo.fr', 'Nw6*4[k,CG', '0697644946'),
(301, 'fboucher@laposte.net', 'X9FbfKY(\'Vp}taB.', '+33 (0)6 66 16 41 95'),
(302, 'thibaut77@yahoo.fr', '$kS`Sn?k`~_N*6(b', '0743162523'),
(303, 'tbegue@club-internet.fr', 'VBp+P5l\':nd', '0638950236'),
(304, 'victor52@cohen.fr', '~MczoWcr{m9', '0679630415'),
(305, 'antoine25@philippe.com', '/xApoFiu0Ke`&', '07 96 04 64 80'),
(306, 'mendes.martin@free.fr', 'H-bg~xObxoliTrzGCw_.', '+33 6 41 03 82 45'),
(307, 'auguste41@laposte.net', '@@6d=aDe,SIf', '+33 6 33 53 70 96'),
(308, 'patricia96@laposte.net', 'Q>2Tn,KYZ', '+33 7 35 75 18 78'),
(309, 'costa.patricia@sfr.fr', 'Ba@XIk$x', '+33 (0)6 84 32 75 88'),
(310, 'jacques.louise@ferreira.com', '\'YFcY$_T}knk', '07 82 74 11 74'),
(311, 'dumas.thibault@sfr.fr', 'V,DU]>Xeoj|#*K', '0750190714'),
(312, 'olivier.lucie@hotmail.fr', ',Snt\\n|55ze*U]o', '+33 (0)7 49 82 40 38'),
(313, 'wleblanc@gonzalez.fr', 'Tr1wof-vIQ*+2K', '+33 6 68 54 43 92'),
(314, 'olivier.dorothee@laposte.net', 'zLq36FJ', '0617958695'),
(315, 'lesage.julien@live.com', 'l|1bj\'5=@%@C-\\~]Wdt', '+33 (0)7 75 14 99 47'),
(316, 'yves07@mallet.fr', 'Q[i,l\"Vkx}W~%,4', '+33 (0)7 42 60 19 21'),
(317, 'groy@live.com', 'qio3P\'\'b*<4E^-Kon_,', '0626348702'),
(318, 'rousseau.jacqueline@benard.org', 'Oy=vY]I]', '+33 (0)6 59 04 94 11'),
(319, 'qdeoliveira@yahoo.fr', '(sc1)#J', '0763636446'),
(320, 'bmarchal@hotmail.fr', 'A/20)*c', '0626215824'),
(321, 'jgerard@tele2.fr', '6\\70rnH\"T#0#', '+33 (0)7 47 20 22 78'),
(322, 'andre32@orange.fr', 'IcT\\Rs?', '0781518036'),
(323, 'hortense45@orange.fr', 'a3+)>*E{1', '0768040020'),
(324, 'devrard@lemaire.com', 'M/hBNES9qw2y&C>\'', '0779037565'),
(325, 'evrard.sabine@laposte.net', 'D;iG(9@lDQCM2r%u', '+33 (0)6 23 12 16 17'),
(326, 'maggie82@cordier.com', 'Wiqt5f*hkH', '+33 (0)7 88 78 48 69'),
(327, 'william.fouquet@club-internet.fr', 'dwnU2t;;Jfk\'>a5oV8|', '+33 6 57 76 28 10'),
(328, 'zlaunay@gmail.com', '}Z_%kKE`b/nB', '+33 6 98 22 29 42'),
(329, 'iparis@yahoo.fr', 'Nf#o$Du$c?M', '07 81 53 30 58'),
(330, 'albert.bertrand@paul.fr', 'JjX.6acq-wU', '+33 (0)6 63 08 82 08'),
(331, 'aime77@andre.net', '\\r$+Ze\'GGczMQ', '+33 7 44 13 57 63'),
(332, 'guillou.guy@gomes.fr', 'vzN?j{Jhd', '06 57 20 67 71'),
(333, 'schneider.etienne@charrier.fr', '0W|?Wr)c', '+33 6 34 50 01 73'),
(334, 'caroline.maillet@dbmail.com', 'J$@r:Ux@', '0690367723'),
(335, 'sbruneau@noos.fr', 'DSk<eOUs^5$0(+BKX]D', '07 79 85 18 22'),
(336, 'qleveque@free.fr', 'tK(^ZHH$5bxIG1Q10+c', '06 22 77 90 99'),
(337, 'laurent38@wanadoo.fr', 'kvA|)Dcz6Zt!E', '+33 7 43 12 13 22'),
(338, 'denis17@camus.org', 'VyZX%J', '07 60 28 02 68'),
(339, 'henri.philippe@dasilva.org', '%Q9Y7Kx\\eOf^wD', '+33 6 47 13 42 48'),
(340, 'alexandria80@delaunay.net', '*zF4u:!2+;`', '0666764523'),
(341, 'xthomas@garnier.fr', '7G]b(v)frXhr,yd', '+33 (0)7 64 63 28 02'),
(342, 'vincent10@adam.fr', '!-q((vm', '+33 (0)7 52 27 00 36'),
(343, 'dominique.diaz@tele2.fr', 'WmHJ$X>hM@|\\s0l;g', '+33 (0)7 50 57 25 42'),
(344, 'lucas75@hotmail.fr', 'qdPLwXh!Z', '+33 7 68 12 96 53'),
(345, 'anne98@gregoire.net', '~qkeEem', '+33 7 74 67 68 82'),
(346, 'christophe.laurent@bertrand.com', 'D[`6%)?2~J!2QKs+.9a', '+33 (0)7 40 65 94 24'),
(347, 'arthur24@thibault.org', 'sSnD@%Wt5!>B6P', '06 00 41 12 70'),
(348, 'juliette01@tessier.com', 'S^o\\7+', '06 23 73 09 62'),
(349, 'dorothee64@dumas.com', 'v9_Dzq&q<Aa!O', '0737767378'),
(350, 'buisson.julie@free.fr', 'mK(rvGaOXY', '+33 (0)6 47 55 42 64'),
(351, 'christiane18@legrand.net', '<_:Fg_k', '06 33 36 64 67'),
(352, 'krodrigues@orange.fr', 'V,7_IC{9Jc7.NaV', '+33 (0)7 34 76 28 32'),
(353, 'henriette32@wanadoo.fr', 'oXbC^)LFrNbQz$n`%', '+33 6 30 85 17 26'),
(354, 'slouis@orange.fr', 'G1_<09>K', '+33 (0)6 22 07 35 21'),
(355, 'calexandre@valentin.fr', 'kNh#u,}%ZxPu%us', '+33 (0)7 88 18 82 70'),
(356, 'igaillard@collin.net', 'oh-Z\'J+&O/!=5ut/l', '07 31 63 94 99'),
(357, 'mlucas@wanadoo.fr', 'B.pXk$W%Heb.0A-&];', '0782580192'),
(358, 'mallet.robert@tele2.fr', '&eUV}@t=@A', '07 31 50 17 04'),
(359, 'sabine96@orange.fr', 'r]7NN)', '0601762685'),
(360, 'laine.emilie@gillet.net', 'O!$A|qTPKq0)?', '+33 (0)7 53 84 47 16'),
(361, 'william21@brunet.net', '{55a=7Iv1o1a_Np@', '+33 (0)6 98 86 77 13'),
(362, 'goncalves.pierre@live.com', ';6X2HE+:YkTILD5d', '+33 6 70 77 28 57'),
(363, 'toussaint.david@tele2.fr', 'nn`jVDt', '+33 6 80 53 26 54'),
(364, 'raynaud.paul@wagner.com', 'w_sM9y<|w.H:Si(YO.s', '0677895908'),
(365, 'bernadette32@pelletier.com', 'qpn#:e^QV(8F!sRc\\D', '0614801220'),
(366, 'rey.marcelle@bouvet.net', 'F$-7jJuG_WIw_Gl_>m', '+33 (0)7 61 23 63 18'),
(367, 'maurice81@noos.fr', '~N<=K9Fz', '+33 6 29 61 87 97'),
(368, 'jrenault@gautier.com', 'Qc/4ql0Vi;0OwS8J<0', '06 86 39 38 72'),
(369, 'ydubois@hotmail.fr', ':\"^OZP', '+33 (0)7 61 41 66 40'),
(370, 'hortense50@marin.com', 'q:,G1EDljKv', '06 88 33 19 20'),
(371, 'edith91@noos.fr', 'cg\\F9%$3<3\\l', '+33 (0)6 96 04 37 00'),
(372, 'roger96@riviere.fr', '6=n>A4bp&R`**J,SE=J]', '06 34 59 43 11'),
(373, 'tristan.lelievre@ribeiro.fr', 'p6f<TK\\', '0649484663'),
(374, 'cousin.daniel@dumas.fr', 'mD\"JoR', '+33 6 74 15 33 79'),
(375, 'oriviere@gmail.com', '*R_oo|S=l', '+33 6 10 68 70 10'),
(376, 'chevalier.elodie@sfr.fr', 'E%kR@5Wx', '+33 6 06 07 31 14'),
(377, 'breton.isaac@joubert.fr', 'n{h8%X0|Py\'.Z', '+33 (0)6 65 69 08 46'),
(378, 'ctecher@orange.fr', 'j~SnII!1mH!@P[CjzYqR', '0770951103'),
(379, 'guillaume.celina@perez.com', 'm}.d$.', '0630055948'),
(380, 'marianne88@pons.com', '6.@\'bm', '07 84 08 69 94'),
(381, 'david.laurent@noos.fr', '.A&-fT8', '06 45 90 13 60'),
(382, 'david.michel@blin.com', ',ZQEus|%xU', '0618518009'),
(383, 'roland83@club-internet.fr', '3v]o)0', '07 73 34 94 33'),
(384, 'munoz.gilles@noos.fr', 'K7)w(cU0cS-n\\', '+33 6 92 36 77 85'),
(385, 'nathalie51@dossantos.fr', ';~!6&c%7@upIXAi~\"jJ', '0751360415'),
(386, 'rdelmas@sfr.fr', '9i?E:wl&Ny', '+33 6 20 31 71 68'),
(387, 'ylacroix@gauthier.com', '[(s/iYvoDw', '06 18 41 92 67'),
(388, 'delahaye.simone@dbmail.com', '@7J@,^\\', '+33 7 94 10 56 21'),
(389, 'julien.bertrand@club-internet.fr', '-?.~?;zn/&', '+33 6 27 71 01 41'),
(390, 'jules66@picard.com', 'PpzX\"}vE!44-WnNH@}', '+33 (0)7 54 64 78 78'),
(391, 'besson.philippe@club-internet.fr', ';;Z~n<C6Z7AQ5\\Uu+\\b', '+33 (0)6 45 85 66 22'),
(392, 'julien.david@hernandez.fr', 'w5[]7#X^cD3`[g', '+33 (0)7 51 40 96 43'),
(393, 'iberger@aubry.com', 'w-}C]rQ]4?(', '0665768910'),
(394, 'ufernandes@free.fr', 'y%S\'I|r=F*ZAwcTH', '+33 (0)6 16 00 87 11'),
(395, 'jdescamps@pierre.fr', '%vv~QR', '+33 (0)6 46 05 12 61'),
(396, 'bbarre@laposte.net', 'jI5Hm(H^\"37qy', '06 85 58 73 31'),
(397, 'wdasilva@gallet.fr', '.q)q]~|XK9+', '07 86 04 12 06'),
(398, 'victoire74@morvan.org', 'K\"UO>(|080gn5lKYU~', '+33 7 95 58 50 38'),
(399, 'cecile.rodriguez@tele2.fr', '.J&e3T{;u^:3\\`', '0657126742'),
(400, 'aguerin@sfr.fr', '\\iwPi&ZT=fwl/7z~JjxM', '+33 7 69 29 36 13'),
(401, 'madeleine.charpentier@jourdan.fr', 'Tqzl=X3Yu(@HXn[', '06 61 21 85 34'),
(402, 'richard.guillaume@noos.fr', 'AO4(uDaX', '+33 (0)7 48 13 87 60'),
(403, 'lorraine.rousseau@pelletier.net', 'o@t82CMI', '+33 (0)6 16 62 13 88'),
(404, 'antoine.pascal@free.fr', '\'CJI6_4G^rd$P63', '+33 6 37 67 19 80'),
(405, 'proussel@gmail.com', 'R=``5gsg5m[V/,pK+k:', '0772386208'),
(406, 'leon57@dbmail.com', '>m\"C<hUe.dOA', '0793980822'),
(407, 'jerome20@blin.com', 'OlZubUp0x', '+33 (0)7 31 60 08 51'),
(408, 'corinne79@free.fr', '<qYYc]BEq[(Td2U6JB<', '06 81 54 63 65'),
(409, 'auger.penelope@bernard.fr', 'BYp[Un_<W', '+33 6 28 72 95 44'),
(410, 'suzanne.teixeira@hotmail.fr', 'KVUOH:Nwh>SM%**a+BM', '0764443862'),
(411, 'elise12@lemaitre.org', 'f@8d.5Jv', '07 98 12 88 68'),
(412, 'meunier.adrien@delannoy.fr', 'OE)uS}%67<0Ol!fK', '07 47 19 47 52'),
(413, 'david.merle@free.fr', '.qi`Ppa5k(W', '+33 (0)6 12 29 27 18'),
(414, 'martel.philippine@guyot.com', '\\3z.eKio*`5aB5T', '06 15 90 03 33'),
(415, 'dgaudin@gmail.com', '\'<[&;fRj-@tuTvYUE%', '+33 7 67 80 17 68'),
(416, 'joseph.edith@potier.org', 'ZD4]wc=!6lS%qJosUs', '+33 7 57 29 16 60'),
(417, 'laine.marianne@lacombe.fr', 'U:&HdH', '+33 (0)7 35 81 65 32'),
(418, 'jnguyen@loiseau.net', '4.Nf}r[~WJGpC', '+33 6 85 01 58 70'),
(419, 'guillaume.michelle@gmail.com', '+lvp?q]t\"rMe?`', '+33 (0)6 88 95 99 26'),
(420, 'julie77@leclercq.fr', 'b(pFhmozc&!cV!uam+', '07 52 87 66 50'),
(421, 'eugene.breton@bourdon.net', 'XZq\\M_<!0)8sQKE', '+33 (0)6 72 16 16 50'),
(422, 'julien08@orange.fr', 'AtA;HS|G=>V|', '0784687162'),
(423, 'ycarre@marion.net', 'f{qG\'4d$', '0659630287'),
(424, 'poulain.dorothee@laurent.com', 'rWu.*]5eiWa-MF*Nrp', '0744721744'),
(425, 'eric.ferrand@orange.fr', 'X|8,`r', '07 96 39 67 74'),
(426, 'georges43@tele2.fr', '\"!rY/,)/2bIP*#[-Up&d', '07 52 98 75 87'),
(427, 'etienne56@gmail.com', '.*qE<zei871Qo1P@', '+33 (0)6 38 51 05 54'),
(428, 'normand.sebastien@leclercq.fr', 'Mn=@mfgZI$leG_B2|&PX', '06 39 55 32 36'),
(429, 'astrid80@brunel.fr', 'gF|JhrqHk7V,<=eej2p', '07 95 01 47 95'),
(430, 'isaac32@salmon.com', 'zjsq%gb_6\'^j*]9kU', '07 81 32 90 44'),
(431, 'acoulon@tele2.fr', 'k;|q@|faS', '+33 (0)7 49 45 27 63'),
(432, 'theophile32@yahoo.fr', 'vEOOR2):{^-t%7l|\\', '+33 (0)7 49 66 90 11'),
(433, 'alexandre.vidal@lefebvre.net', ').{&3t.05[!Ct,15E26\\', '0793097429'),
(434, 'lmeyer@gmail.com', 'fYCO$2<8l]+\\.', '0781413858'),
(435, 'lamy.marcel@hotmail.fr', 'mmcPbC\\a2z8rxHp-(', '+33 (0)7 99 24 77 85'),
(436, 'clemence58@vallet.com', '=?:B8w', '+33 6 05 81 26 36'),
(437, 'mendes.alex@dbmail.com', 'Z>+JZZSM-)qk', '07 74 54 29 06'),
(438, 'timothee.bertrand@dbmail.com', '|lk3vH<By#Lwz', '+33 6 32 39 44 98'),
(439, 'wagner.julie@dbmail.com', 'DMCKT?>B)n*e]-#TWU', '+33 7 59 73 28 15'),
(440, 'nvallet@laposte.net', 'R,L;~@&:QsA5ic\\w', '0677029563'),
(441, 'faure.thierry@laposte.net', '<>fd84|DEqul\\.', '+33 (0)7 85 25 62 84'),
(442, 'georges83@free.fr', 'A.5J4Tb-~\\K{t\'X[', '07 46 89 42 04'),
(443, 'maryse.georges@live.com', '*0}l~`bOVl*\\d8y', '0669707193'),
(444, 'guillaume.faure@yahoo.fr', '>@nw=+MV~0&M', '07 77 15 62 22'),
(445, 'dubois.joseph@tele2.fr', '3:e\'ufKPt\"B0*ig0|Je', '06 46 44 14 67'),
(446, 'martine.arnaud@laposte.net', 'bq;\"(\\NfC', '07 94 98 26 24'),
(447, 'marthe94@martinez.fr', '3uWk+7/b', '06 67 15 00 04'),
(448, 'anais.ferrand@mercier.org', 'JItr0]Q', '+33 (0)6 35 22 84 15'),
(449, 'delahaye.nath@live.com', 'zx9ncHVw`!E', '+33 (0)7 63 11 77 10'),
(450, 'arthur31@wanadoo.fr', 'frQIR(Y)#|8&/\"\"Y/.', '+33 7 93 31 06 46'),
(451, 'christine.riviere@free.fr', '>C}cVcksft7@]B', '07 87 22 63 92'),
(452, 'luc64@dbmail.com', 'M|sn~iE6\'ROeL', '+33 6 14 96 11 65'),
(453, 'hthierry@ferrand.org', '~]VEx;f4^#~X1O', '07 53 46 40 00'),
(454, 'dgeorges@orange.fr', 'e@Eah5_|^VK)]', '+33 6 52 10 97 55'),
(455, 'delaunay.capucine@traore.fr', '*T}!We^yYJ', '0731412610'),
(456, 'bourgeois.audrey@mallet.com', '!f5\"|+9', '06 47 87 46 38'),
(457, 'margaux.dumont@free.fr', 'l^335pj%)L]o9h{G!', '+33 (0)7 97 28 62 20'),
(458, 'guillet.margaux@charles.com', 'G,rOB&', '06 79 06 65 68'),
(459, 'grolland@renaud.fr', 'LvOa\\[+Ztw@Y', '0681238351'),
(460, 'rolland.audrey@wanadoo.fr', '[kq(E2', '0652812488'),
(461, 'lefevre.bernard@tele2.fr', 'ZK[XIbDNu|`b', '+33 7 40 97 02 21'),
(462, 'rlaporte@gmail.com', 'rcUw;vYv+L=SHK/', '07 31 40 07 25'),
(463, 'vevrard@wanadoo.fr', 'ab|XW1143', '0667460543'),
(464, 'bertrand.marion@hoarau.com', '\'$a#e\\MK@N', '+33 (0)6 86 23 70 50'),
(465, 'maurice.besnard@sfr.fr', '\\m6yR\\Prp<eLL:m', '+33 (0)7 54 43 24 12'),
(466, 'lucie.ramos@sfr.fr', 'h}J!(<Bh7b.x,\"Pu{C6V', '0777626228'),
(467, 'michele68@laurent.com', '/^2uJ+%ddU\'v$[qA', '+33 7 45 96 45 65'),
(468, 'dossantos.pierre@leleu.com', 'Ok1j}y]P\"', '06 40 78 75 92'),
(469, 'michelle74@martinez.fr', ';im+.f5$X&QAXH', '0632779903'),
(470, 'pottier.christelle@martinez.com', '5n{^IFb8[n]j', '+33 (0)6 95 66 70 97'),
(471, 'gabriel34@hotmail.fr', '\"n{C(XRe/[99%H', '0753442760'),
(472, 'aime.duval@tele2.fr', 's8sh4q0', '+33 (0)7 88 19 99 80'),
(473, 'emile.hoarau@sfr.fr', '|uyZX.~|yI(Pd?m', '06 41 60 28 60'),
(474, 'christine74@dbmail.com', 'Fl0X\"ryX:#TO\'HG', '06 13 42 73 36'),
(475, 'mfernandez@roussel.org', '6GFPJ=_', '+33 (0)6 00 39 08 60'),
(476, 'gaudin.marine@noos.fr', '4HhGSl', '07 62 91 80 61'),
(477, 'tessier.rene@dbmail.com', 'lrsH[I^I', '+33 6 42 27 95 26'),
(478, 'fphilippe@live.com', 'c/9\'dD]$$QbR.B', '07 50 37 43 77'),
(479, 'lucie.jacob@gmail.com', '.+v8e|o=:FYagB@1)I9/', '+33 7 61 10 41 59'),
(480, 'claude56@guichard.fr', 'Bh/Rk}d0x(-a#Qs?W#@', '06 70 92 26 36'),
(481, 'benoit89@live.com', 'g.ZUL;aTqO%^9.Vy', '+33 (0)7 62 92 71 49'),
(482, 'wleroux@wanadoo.fr', '{yL!+@9@<4_)*qL\"|', '07 46 48 56 56'),
(483, 'bernard.coulon@leconte.com', ']o3EY,M^o=`P4', '+33 6 76 77 34 11'),
(484, 'colin.roland@fernandez.fr', '.PeqcwK|_9?', '07 78 97 43 40'),
(485, 'cpotier@free.fr', 'Q%n/Rf;I', '+33 7 69 52 49 41'),
(486, 'gros.amelie@mace.org', 'thwsPe)\'t>c%', '+33 7 54 37 65 31'),
(487, 'yves.tessier@etienne.fr', '<}3;UazvV4}p', '+33 6 79 28 23 15'),
(488, 'alix.fournier@dbmail.com', 'US-:A5cMvQxfSp', '0782641749'),
(489, 'lbouchet@club-internet.fr', '3ORh[lCM', '+33 (0)7 90 01 37 87'),
(490, 'martin.lacombe@barbier.fr', 's;oGiDb4jmW', '+33 6 23 84 24 04'),
(491, 'tduval@durand.fr', '<$=tm1s|7', '07 99 85 88 03'),
(492, 'simon.marcel@dbmail.com', 'o\'}-q^}AUH_j9%.', '06 66 82 02 15'),
(493, 'qbrunel@grondin.com', '<a\'8=/{7', '07 95 45 05 75'),
(494, 'hbailly@yahoo.fr', ';k:.mD&A<P8)Fefft', '+33 7 46 72 10 34'),
(495, 'dossantos.frederique@free.fr', 'UXk6i.o\\6*8%_rd#', '+33 7 43 72 42 35'),
(496, 'lefort.maggie@club-internet.fr', '&syF+\"', '+33 (0)7 76 08 92 76'),
(497, 'valentine68@meyer.fr', '=dlrf.,k.|(', '+33 (0)6 47 10 68 16'),
(498, 'arnaude47@yahoo.fr', '*2yMaW=dBG4=', '+33 (0)6 83 16 31 41'),
(499, 'victor35@hotmail.fr', '?HU/*[hnS$^KS.\'~:d\\', '07 85 00 30 61'),
(500, 'catherine.petitjean@club-internet.fr', 'h;$OFvH0J+L>#nfa>', '+33 7 43 18 93 29'),
(501, 'emmanuelle20@laposte.net', '@Z^tA!^', '06 23 13 56 78');

-- --------------------------------------------------------

--
-- Structure de la table `address`
--

CREATE TABLE IF NOT EXISTS `address` (
  `id` int(11) NOT NULL AUTO_INCREMENT,
  `street` varchar(255) COLLATE utf8mb4_unicode_ci NOT NULL,
  `zip_code` varchar(255) COLLATE utf8mb4_unicode_ci NOT NULL,
  `city` varchar(255) COLLATE utf8mb4_unicode_ci NOT NULL,
  PRIMARY KEY (`id`)
) ENGINE=InnoDB AUTO_INCREMENT=502 DEFAULT CHARSET=utf8mb4 COLLATE=utf8mb4_unicode_ci;

--
-- Déchargement des données de la table `address`
--

INSERT INTO `address` (`id`, `street`, `zip_code`, `city`) VALUES
(1, '39, impasse de Da Silva', '71406', 'Blot-sur-Jacquet'),
(2, '61, impasse Petitjean', '56832', 'Gregoire'),
(3, 'avenue Lopes', '12077', 'Hoarau-la-Forêt'),
(4, 'place Rodrigues', '06048', 'Girard-sur-Marchal'),
(5, '47, place Jacques Raymond', '98736', 'Lecoq-sur-Blondel'),
(6, '8, place Chauvin', '96632', 'Charpentier'),
(7, '21, impasse Nicolas Vidal', '99969', 'Parent'),
(8, '18, rue Caroline Gay', '21793', 'Renard'),
(9, '15, avenue Chevalier', '94744', 'Renaultdan'),
(10, 'place Arnaud', '18005', 'Jeannec'),
(11, '44, boulevard Madeleine Dufour', '46615', 'Imbert'),
(12, '9, impasse Barbier', '11240', 'Tanguy'),
(13, '29, avenue Bousquet', '71861', 'Leduc'),
(14, 'rue Alexandre Gillet', '16696', 'Chauvin'),
(15, '5, boulevard de Simon', '52424', 'Allard'),
(16, '40, rue de Lopez', '91999', 'Torres'),
(17, '2, boulevard de Fernandez', '06323', 'Collin'),
(18, '49, avenue de Gerard', '15535', 'Mercier-sur-Allain'),
(19, '66, chemin de Da Silva', '81818', 'Guillet-la-Forêt'),
(20, '27, boulevard de Roche', '62343', 'Arnaud-sur-Perrier'),
(21, '8, place de Robert', '31471', 'Roy-sur-Thierry'),
(22, '940, avenue de Denis', '14282', 'Collet-sur-Rodrigues'),
(23, '812, impasse de Tanguy', '33398', 'Samsonnec'),
(24, 'avenue Da Costa', '67394', 'Leblanc'),
(25, '112, rue de Torres', '04658', 'Chevallier'),
(26, '42, avenue Bertin', '10675', 'GautierVille'),
(27, '866, rue de Guilbert', '46536', 'Mary'),
(28, '779, rue Normand', '19505', 'Jacobboeuf'),
(29, '441, impasse de Etienne', '93333', 'Royer'),
(30, '372, place de Chevalier', '77106', 'Fontaine'),
(31, '25, rue Andre', '87866', 'Collin'),
(32, '1, chemin Jacques Remy', '44440', 'Hoareau'),
(33, 'impasse de Lucas', '19257', 'Bazin-les-Bains'),
(34, 'rue Élisabeth Gaillard', '58422', 'Evrard'),
(35, 'rue Rémy Leclerc', '03566', 'Dupre-les-Bains'),
(36, '74, place Lucie Cohen', '40731', 'Milletdan'),
(37, '70, rue Marechal', '25947', 'Laurent'),
(38, 'rue David Pereira', '19680', 'Valentin'),
(39, 'boulevard Laurent Lelievre', '07431', 'Clerc'),
(40, '550, chemin de Renard', '96329', 'Gerard'),
(41, '52, avenue de Hamon', '53072', 'Lebrun'),
(42, '91, boulevard Georges Pineau', '56291', 'Lenoir'),
(43, '7, rue François Mallet', '84684', 'Jean-la-Forêt'),
(44, 'rue Timothée Moreau', '93545', 'Gomes'),
(45, 'place de Bouchet', '14258', 'Bourgeois-sur-Fernandes'),
(46, '86, impasse Raymond', '72632', 'Richard-les-Bains'),
(47, '17, rue Hoarau', '77566', 'Maury'),
(48, '1, chemin Hebert', '70977', 'De Sousa'),
(49, '9, boulevard de Charles', '01191', 'Gros'),
(50, '63, impasse Breton', '06554', 'Roux-sur-Schneider'),
(51, '624, impasse de Renard', '07262', 'Petitjean-la-Forêt'),
(52, '96, rue Marie Riou', '26825', 'LecoqBourg'),
(53, '1, impasse de Lebrun', '70172', 'Gerard'),
(54, 'rue Mahe', '22698', 'Ollivier'),
(55, '99, boulevard René Pierre', '28358', 'Girard-sur-Maury'),
(56, '32, rue Josette Joseph', '33552', 'Gregoire-la-Forêt'),
(57, 'impasse de Mercier', '27829', 'Leduc'),
(58, '394, rue de Gimenez', '05127', 'Lejeune-sur-De Sousa'),
(59, '82, chemin Mercier', '51566', 'Bonnet'),
(60, '61, rue de Schmitt', '85514', 'Chevalierboeuf'),
(61, '63, rue Lecoq', '39872', 'Jacob-la-Forêt'),
(62, '32, rue Mallet', '14350', 'Jourdan'),
(63, '53, place Audrey Didier', '80860', 'Huet'),
(64, 'place Matthieu Merle', '23485', 'Morel'),
(65, '457, place André Boucher', '11054', 'Sanchezboeuf'),
(66, 'chemin Emmanuel Gimenez', '66016', 'Neveu'),
(67, 'rue Lebreton', '47138', 'Gregoire'),
(68, '67, impasse Faivre', '66925', 'Gilbert'),
(69, '83, avenue Thibault', '26681', 'Gauthier'),
(70, '54, impasse Bazin', '20633', 'Robert'),
(71, '684, rue Roland Guillaume', '87734', 'LemonnierVille'),
(72, '561, place Noël Leduc', '42731', 'Ollivier'),
(73, 'rue de Hoarau', '59480', 'Briand-sur-Moreau'),
(74, 'impasse Anastasie Gauthier', '57567', 'Hamon'),
(75, '29, rue Emmanuel Alves', '91434', 'Gregoireboeuf'),
(76, 'avenue Adam', '23323', 'Tessier'),
(77, '83, boulevard Valentin', '64857', 'Gimenez'),
(78, '17, rue Daniel Millet', '74799', 'SanchezVille'),
(79, '1, rue Aimée Dupont', '91026', 'Valletdan'),
(80, 'impasse de Hernandez', '18040', 'Lamy-sur-Bigot'),
(81, '177, place de Carre', '98438', 'Guillou-la-Forêt'),
(82, '43, avenue Noël Legrand', '12941', 'Marchalboeuf'),
(83, '318, rue Susan Guilbert', '28132', 'Cousin'),
(84, '68, boulevard de Joly', '07350', 'Dupre'),
(85, '13, boulevard de Bouvier', '03705', 'Chauvindan'),
(86, 'chemin de Guibert', '13137', 'Sauvage'),
(87, 'boulevard de Marie', '19764', 'JolyVille'),
(88, 'rue Raymond Leger', '65761', 'Dupre'),
(89, '78, impasse de Mallet', '83799', 'Berger'),
(90, 'impasse Monnier', '87321', 'Roche'),
(91, '25, avenue de Valette', '03177', 'Guillot'),
(92, '102, boulevard de Delmas', '00419', 'Garnier-la-Forêt'),
(93, '114, impasse Adam', '95386', 'Le Roux'),
(94, '85, chemin de Leroy', '06064', 'Weiss-la-Forêt'),
(95, '30, boulevard Lombard', '22730', 'Guillon-la-Forêt'),
(96, '71, rue Klein', '57774', 'Andreboeuf'),
(97, 'rue Cousin', '86149', 'Dupre'),
(98, '24, rue de Blin', '52657', 'Hameldan'),
(99, '85, rue Olivie Lecomte', '01581', 'Leclerc'),
(100, '54, place de Delaunay', '65120', 'Regnier'),
(101, '7, impasse Anne Dufour', '71718', 'Lejeune'),
(102, '853, boulevard de Mace', '29447', 'Da Silvadan'),
(103, '50, impasse Bernard', '23314', 'Jacquotnec'),
(104, '99, boulevard de De Oliveira', '96094', 'Pires-la-Forêt'),
(105, 'rue Victor Cordier', '08937', 'Leroy-sur-Hoarau'),
(106, '5, rue Ferreira', '81980', 'Rodrigues'),
(107, '648, chemin Collin', '49027', 'Aubry'),
(108, '36, chemin Gonzalez', '52835', 'Morvan-sur-Parent'),
(109, 'place de Mathieu', '33529', 'Dijoux-sur-Mer'),
(110, '4, place de Foucher', '84116', 'Pichon-la-Forêt'),
(111, '10, rue de Payet', '97910', 'Jacquetdan'),
(112, '32, impasse Valette', '15949', 'Morin-sur-Bertrand'),
(113, '44, rue de Leroy', '48262', 'Collinboeuf'),
(114, '51, chemin de Meunier', '88385', 'Gillet'),
(115, '975, chemin de Carlier', '88039', 'Guichard'),
(116, '84, place Édith Bouvier', '76931', 'Gerard'),
(117, '164, rue Dominique Garcia', '53730', 'Monnier-la-Forêt'),
(118, 'impasse de Leduc', '42464', 'Potierboeuf'),
(119, 'rue Colette Lopez', '03896', 'Mary'),
(120, 'place Dominique Bourdon', '28083', 'Mathieu-la-Forêt'),
(121, '33, boulevard de Bertrand', '01774', 'Lebreton'),
(122, '9, avenue Franck Barthelemy', '17412', 'BaillyVille'),
(123, '76, chemin Zoé Menard', '03775', 'Lefebvre'),
(124, '777, boulevard Benoît Salmon', '26729', 'Hernandez'),
(125, 'avenue de Barthelemy', '18935', 'Turpin'),
(126, '78, boulevard de Pierre', '58207', 'Pineau'),
(127, '30, avenue de Pinto', '57244', 'Petit'),
(128, '9, boulevard Margot Besnard', '57829', 'ValetteVille'),
(129, '15, place de Thierry', '68490', 'Auger'),
(130, '21, chemin Juliette Martinez', '20402', 'Alves'),
(131, '94, rue de Albert', '44293', 'Garnier-sur-Mer'),
(132, '666, boulevard Pasquier', '98791', 'Petit-la-Forêt'),
(133, '16, place Leconte', '27647', 'Dumas'),
(134, '87, avenue de Legendre', '57996', 'LevyVille'),
(135, '31, boulevard Guillet', '11075', 'Huet'),
(136, '50, chemin Martel', '62533', 'BesnardBourg'),
(137, '855, place Nathalie Lesage', '13690', 'Morvan-sur-Blanc'),
(138, '34, impasse de Benard', '16008', 'Humbert'),
(139, '87, chemin Jean Joly', '86915', 'Voisinboeuf'),
(140, '5, place Nath Grondin', '41137', 'Verdier'),
(141, 'boulevard Coulon', '83502', 'Morindan'),
(142, '51, boulevard Brun', '54717', 'Alexandre-la-Forêt'),
(143, '90, place Barbier', '55435', 'Guilbert'),
(144, '97, rue Maurice Launay', '17308', 'Ledoux'),
(145, '18, rue William Faure', '97806', 'Lombard-sur-Jourdan'),
(146, '88, avenue de Jacquot', '58101', 'Verdier'),
(147, '26, avenue de Blondel', '13901', 'Laroche-la-Forêt'),
(148, 'avenue Jeanne Coulon', '36871', 'Hardydan'),
(149, '96, boulevard de Pichon', '33565', 'Cordier-sur-Mer'),
(150, '69, chemin Christelle Normand', '22684', 'Lelievre'),
(151, 'avenue Aimé Guillon', '01883', 'Jourdan'),
(152, 'impasse Nicolas Brun', '22778', 'Rochernec'),
(153, '72, avenue de Sanchez', '20659', 'Henrydan'),
(154, '28, rue David Lemaitre', '41840', 'De SousaBourg'),
(155, '74, avenue Leveque', '56076', 'Gay'),
(156, 'place de Duval', '23684', 'Charrier'),
(157, 'rue de Boutin', '78075', 'Coulon'),
(158, '3, avenue Agnès Jourdan', '54322', 'Martineaunec'),
(159, '19, rue Gérard Bigot', '41004', 'Le Goff'),
(160, 'avenue Anaïs Guibert', '50691', 'RamosVille'),
(161, 'rue Didier', '03876', 'Lefevre'),
(162, '985, impasse de Dias', '17233', 'Muller'),
(163, '49, boulevard de Nicolas', '79016', 'Lefevre'),
(164, '8, boulevard Dominique Riviere', '65747', 'Marty'),
(165, 'chemin de Adam', '29451', 'BoucherBourg'),
(166, '57, boulevard de Aubry', '47565', 'Hebert'),
(167, '377, rue Suzanne Bonnin', '15683', 'Bouvier'),
(168, '8, rue Gilbert De Sousa', '25141', 'Jeandan'),
(169, '45, rue de Bonnin', '24025', 'Mary-la-Forêt'),
(170, '324, chemin Couturier', '64807', 'Renaultdan'),
(171, '117, chemin de Brunet', '50361', 'Ruiz-les-Bains'),
(172, '846, boulevard Masson', '68794', 'Nguyen-sur-Laroche'),
(173, '84, rue Marc Rodrigues', '03207', 'De Oliveira'),
(174, '76, place Clement', '38410', 'Lesage-sur-Gosselin'),
(175, '6, boulevard David Carlier', '97962', 'Baudry-la-Forêt'),
(176, '38, avenue Camus', '69939', 'Fernandezdan'),
(177, '264, rue Bernard Laurent', '83624', 'Marin'),
(178, '573, chemin Joubert', '50811', 'Simon'),
(179, '75, chemin Marthe Michel', '81541', 'Rousseau-sur-Richard'),
(180, '47, boulevard Deschamps', '49680', 'EtienneVille'),
(181, '9, avenue de Baudry', '80564', 'Nguyen'),
(182, '69, impasse Luce Dos Santos', '68629', 'Pereira-les-Bains'),
(183, '934, place Chantal Fernandez', '53873', 'Hoarau-sur-Normand'),
(184, '73, chemin Matthieu Arnaud', '70190', 'Jacob-sur-Pons'),
(185, '664, boulevard Margot Becker', '10302', 'Chevalier'),
(186, '318, impasse de Dupuis', '26105', 'Gonzalez'),
(187, 'boulevard Dominique Morvan', '57032', 'FabreBourg'),
(188, 'rue Leduc', '11046', 'Lopez'),
(189, 'chemin de Blondel', '75659', 'Godard'),
(190, '85, rue de Lopez', '46988', 'Lemaitre'),
(191, '974, rue de Toussaint', '56812', 'Leconte'),
(192, '31, chemin Christine Poulain', '26293', 'Lemonnier-sur-Mer'),
(193, '96, rue Zoé Adam', '99084', 'Raymond-sur-David'),
(194, '29, place Chauvet', '96049', 'Hardy'),
(195, '33, rue de Petitjean', '62707', 'Marchand-les-Bains'),
(196, '16, rue Delorme', '98781', 'Boulay'),
(197, '627, rue Lagarde', '25964', 'Guichard'),
(198, 'boulevard de Ferreira', '24365', 'Renard'),
(199, '47, rue Hélène Germain', '59904', 'Verdier-sur-Mer'),
(200, 'boulevard Timothée Arnaud', '83150', 'HamelBourg'),
(201, '54, boulevard Noël Bourgeois', '67881', 'Rossi'),
(202, '90, rue Henri Giraud', '54143', 'Valentin-sur-Jourdan'),
(203, '240, boulevard Leroux', '84618', 'Briandboeuf'),
(204, '1, chemin de Francois', '86002', 'Francois'),
(205, '651, rue de Parent', '91286', 'Francoisboeuf'),
(206, '39, rue Bodin', '16976', 'Bailly-la-Forêt'),
(207, 'rue Sylvie Baron', '83471', 'Martin'),
(208, '29, impasse de Delorme', '19827', 'RossiVille'),
(209, 'impasse de Poirier', '85305', 'Legrand'),
(210, '364, avenue Charpentier', '23163', 'Petit'),
(211, '19, place Ribeiro', '39211', 'Giraud'),
(212, '6, chemin de Pinto', '76219', 'Rousset'),
(213, '4, chemin de Aubry', '40704', 'Bonnet'),
(214, 'place de Alves', '24275', 'Hardy-sur-Jacques'),
(215, '79, impasse Xavier Gregoire', '20522', 'Dumasnec'),
(216, '515, place Marchal', '14227', 'Pires-sur-Mer'),
(217, 'avenue Ferrand', '52816', 'Hoareau-sur-Mer'),
(218, '45, rue Christophe Nguyen', '68341', 'Durand-les-Bains'),
(219, '622, place Renaud', '24640', 'Mahe-sur-Valentin'),
(220, '80, avenue de Rolland', '36814', 'Toussaintboeuf'),
(221, '42, avenue de Da Silva', '12820', 'LamyBourg'),
(222, '57, chemin de Barre', '61856', 'Vincent-les-Bains'),
(223, '19, boulevard Franck Michel', '90602', 'Raynaud'),
(224, '46, rue Lemaitre', '50867', 'Hardy-la-Forêt'),
(225, '3, impasse Claudine Blanchet', '39371', 'Bonnet'),
(226, '20, avenue Nicolas Barre', '39641', 'Blin'),
(227, 'chemin de Leger', '17196', 'Lacroix-les-Bains'),
(228, '5, avenue de Roger', '08719', 'NoelVille'),
(229, '275, rue Guy Martins', '93979', 'Lebon'),
(230, '53, rue de Vaillant', '51743', 'Clerc-sur-Blanc'),
(231, '2, boulevard Chartier', '53833', 'Fernandes-sur-Carre'),
(232, '706, place Gérard Barbe', '86547', 'Reynaudboeuf'),
(233, '31, rue de Leroy', '17100', 'Weiss'),
(234, '746, place Marcelle Delahaye', '99250', 'Caron'),
(235, '5, chemin Étienne Blot', '71102', 'Schneider'),
(236, '55, chemin Roussel', '43487', 'Neveuboeuf'),
(237, '17, impasse de Marin', '82627', 'Mercier'),
(238, '14, avenue de Dufour', '60271', 'Barthelemyboeuf'),
(239, '52, rue Honoré Guillou', '26470', 'Delattre'),
(240, '876, place Mercier', '24854', 'Bernard'),
(241, '58, impasse de Gosselin', '65938', 'Gauthier'),
(242, '96, boulevard Noël Regnier', '43297', 'Torres-les-Bains'),
(243, 'chemin Emmanuel Blanc', '77051', 'Samson-sur-Hardy'),
(244, '11, chemin Nicolas Gilbert', '97696', 'Breton'),
(245, '43, rue Hortense Ribeiro', '06152', 'Allard-la-Forêt'),
(246, '593, chemin de Pinto', '40770', 'Meyer'),
(247, '4, boulevard Marthe Raymond', '70758', 'PhilippeVille'),
(248, 'rue Monique Gonzalez', '20693', 'Allard-les-Bains'),
(249, '798, avenue Valentine Begue', '34225', 'Dupuis'),
(250, '39, chemin Louise Diallo', '25195', 'Nguyen-sur-Duhamel'),
(251, '993, impasse Hardy', '46945', 'Lefebvre'),
(252, '635, chemin Anastasie Jacques', '40029', 'Pages-sur-Mer'),
(253, '1, chemin de Vallet', '68736', 'Pottier'),
(254, '610, boulevard Robert Rey', '67878', 'Peltier'),
(255, 'rue Texier', '47079', 'Lemaitre-la-Forêt'),
(256, '6, avenue de Vidal', '84161', 'Guillot-sur-Pinto'),
(257, '903, place Christine Pires', '39917', 'MartyVille'),
(258, '49, rue de Delorme', '34179', 'Gillet'),
(259, '2, avenue de Boyer', '66164', 'Duboisdan'),
(260, '9, boulevard de Prevost', '95335', 'Roux'),
(261, '22, impasse Dubois', '50154', 'Brunel'),
(262, 'place Rodriguez', '38916', 'Lefevre-la-Forêt'),
(263, '449, boulevard Daniel', '24140', 'Bonnet'),
(264, '85, rue David Monnier', '82710', 'Neveu'),
(265, 'impasse de Lesage', '21981', 'Mathieu'),
(266, '23, boulevard Raymond Verdier', '10020', 'Chartier-sur-Laporte'),
(267, '1, rue David', '10900', 'Seguin'),
(268, '225, avenue Riviere', '72782', 'Lombard'),
(269, '396, impasse de Leblanc', '90595', 'Cousin-les-Bains'),
(270, '88, avenue Martine Roussel', '97137', 'Pages-sur-Ribeiro'),
(271, '811, avenue de Bonnin', '31561', 'Girard'),
(272, '870, impasse Anouk Barre', '64212', 'Colletdan'),
(273, '45, boulevard de Fouquet', '68530', 'Michel'),
(274, '48, place Anastasie Martinez', '88706', 'ChartierBourg'),
(275, '176, impasse Laure Pires', '56314', 'Parent-sur-Mer'),
(276, '91, place Susan Mallet', '20757', 'Roche-sur-Brun'),
(277, '166, rue de Bousquet', '21442', 'Dumontboeuf'),
(278, '1, rue Jacqueline Maillet', '08044', 'Colas'),
(279, '27, rue Guerin', '48998', 'Grosnec'),
(280, 'chemin Isaac Breton', '02318', 'Dupuis-la-Forêt'),
(281, '93, rue Lopez', '85682', 'Cousin'),
(282, '664, place Dupont', '13883', 'Da Silva'),
(283, 'rue Goncalves', '93158', 'Legros-sur-Gautier'),
(284, '56, rue Begue', '02022', 'Blondel'),
(285, '984, boulevard de Voisin', '18560', 'Blanchet'),
(286, '58, avenue Frédéric Rossi', '77214', 'Perrin'),
(287, '720, rue David', '21412', 'Renard'),
(288, '128, rue Bonnet', '94370', 'Lebreton'),
(289, '72, place Gaudin', '70489', 'Reynaud-la-Forêt'),
(290, 'chemin Victoire Morel', '90650', 'Gomez'),
(291, '30, boulevard Guerin', '81978', 'Maurice'),
(292, 'rue de Boulay', '39056', 'Auger'),
(293, '57, rue Michaud', '81087', 'Diallo-sur-Chevalier'),
(294, '87, impasse de Gerard', '31553', 'Maillet'),
(295, '1, rue Nath Vaillant', '48210', 'Guichardnec'),
(296, '87, chemin de Regnier', '42037', 'Lamy-sur-Mer'),
(297, '22, avenue Lopes', '38132', 'Seguinboeuf'),
(298, '94, impasse Charlotte Laurent', '11168', 'Chevalier'),
(299, '58, avenue Thibault Pichon', '28165', 'Boucher-les-Bains'),
(300, '15, chemin de Lefebvre', '41551', 'Renaud-sur-Le Goff'),
(301, '647, boulevard de Lefebvre', '30502', 'Jacques-sur-Antoine'),
(302, '74, impasse Patrick Baron', '41142', 'Charpentier-sur-Bonnet'),
(303, '862, rue Anouk Picard', '57148', 'Imbert'),
(304, '3, rue Carre', '92482', 'FernandesVille'),
(305, '46, avenue Maggie Hamel', '49461', 'Lebrun'),
(306, '21, rue Marcelle Leleu', '18555', 'Monnier'),
(307, '758, impasse Leger', '47974', 'Jacquotdan'),
(308, '56, rue Benoît Perrot', '17624', 'Bernier'),
(309, 'rue Édith Cordier', '85141', 'Weiss'),
(310, '85, rue de Techer', '53520', 'Garcia-sur-Torres'),
(311, '4, place Émilie Duval', '35997', 'Guillon'),
(312, '6, place de Guillou', '11964', 'SalmonBourg'),
(313, '14, boulevard Suzanne Normand', '81551', 'Dupuy'),
(314, '977, impasse de Marin', '31717', 'Da SilvaBourg'),
(315, 'impasse Masse', '80584', 'Aubrynec'),
(316, 'boulevard Seguin', '34585', 'Barbe'),
(317, '95, chemin de Alexandre', '93716', 'Dubois'),
(318, 'chemin de Leleu', '49862', 'Brunel'),
(319, '1, impasse de Daniel', '69605', 'Raymond'),
(320, '7, impasse Adrienne Carre', '65412', 'Colin'),
(321, '2, rue Tessier', '15416', 'Hoarau-la-Forêt'),
(322, '6, rue Pottier', '54109', 'Sauvage'),
(323, '21, rue de Merle', '30048', 'Collet'),
(324, '87, impasse Roland Guillaume', '89333', 'Colin'),
(325, '245, rue Nathalie Vasseur', '91893', 'Duhamel'),
(326, '12, rue Pascal', '42615', 'Leclerc'),
(327, '8, avenue Thibault Renard', '84942', 'Marion-sur-Verdier'),
(328, 'place Becker', '41132', 'Jourdan'),
(329, '35, boulevard Traore', '23435', 'Laroche'),
(330, '18, rue François Besson', '67098', 'Lelievre'),
(331, '41, boulevard Da Silva', '79073', 'RousseauVille'),
(332, '7, impasse Emmanuelle Nicolas', '40474', 'Robert'),
(333, '2, avenue Rey', '73104', 'Hoareau-les-Bains'),
(334, '2, place Marc Fernandes', '25882', 'Petit-la-Forêt'),
(335, '1, impasse Levy', '15470', 'GimenezVille'),
(336, 'place Christiane Ledoux', '57814', 'Brianddan'),
(337, '9, rue Blondel', '92519', 'Verdier'),
(338, '1, chemin Carpentier', '13145', 'Lemaitre-sur-Coste'),
(339, 'rue Xavier Menard', '56788', 'FerreiraBourg'),
(340, '30, boulevard Coulon', '61099', 'Laurent-sur-Mer'),
(341, '6, impasse Véronique Fernandez', '59297', 'Poirier-sur-Benard'),
(342, '2, chemin Noémi Raynaud', '39171', 'Maillot-sur-Lacombe'),
(343, '73, place Margaud Morin', '22798', 'Laporte'),
(344, '80, impasse Océane Julien', '41247', 'Guerinnec'),
(345, '54, impasse de Gimenez', '31115', 'Joly'),
(346, '76, rue Noël Carre', '54245', 'Moreau-la-Forêt'),
(347, '72, chemin Faivre', '10430', 'Rochernec'),
(348, '47, rue Astrid Guillet', '19618', 'Boucher'),
(349, '77, rue Weiss', '65664', 'Pintodan'),
(350, '145, avenue Adrienne Auger', '70157', 'Hamonnec'),
(351, '683, boulevard Daniel', '82404', 'Riou'),
(352, '570, rue William Lebon', '65139', 'Fabre-sur-Mer'),
(353, '136, rue Riviere', '45344', 'Martineau'),
(354, '48, rue Hugues Joly', '09075', 'Traore'),
(355, '3, chemin de Foucher', '14983', 'Daniel'),
(356, 'place Guillet', '16819', 'Lopez'),
(357, '101, impasse Antoine Riou', '68639', 'Germain'),
(358, 'avenue de Allard', '01471', 'Brun-la-Forêt'),
(359, '25, avenue Gérard Germain', '53816', 'Hubertdan'),
(360, '94, boulevard de Valette', '21238', 'Maillot-sur-Leger'),
(361, '978, rue Prevost', '65321', 'NeveuVille'),
(362, '65, chemin Augustin Parent', '79041', 'De Sousanec'),
(363, 'boulevard de Noel', '35664', 'Hoareau'),
(364, '590, rue Robin', '49377', 'Bouvet'),
(365, '23, boulevard de Guyot', '01667', 'Maillard'),
(366, '27, place Lagarde', '24659', 'Weiss'),
(367, 'rue Simone Faure', '33264', 'Gosselin'),
(368, '13, place Agnès Leger', '03179', 'ValletVille'),
(369, '96, chemin de Nicolas', '12346', 'Peron-la-Forêt'),
(370, '47, boulevard Pages', '96263', 'Charpentier'),
(371, 'rue Maggie Leroux', '27182', 'Barbe-sur-Mer'),
(372, '12, chemin Marine Adam', '26197', 'Bousquet-la-Forêt'),
(373, '928, place Meyer', '96990', 'Chauvet-les-Bains'),
(374, '18, rue de Moreno', '59170', 'Ramos'),
(375, '2, avenue Anouk Aubry', '22956', 'HoareauBourg'),
(376, '57, impasse Renée Imbert', '02104', 'Mendes'),
(377, '387, chemin Guillaume Bigot', '87022', 'MullerVille'),
(378, '33, rue de Carre', '15792', 'Bertrand'),
(379, '238, impasse Baudry', '03311', 'Berger'),
(380, '90, rue de Pons', '40933', 'Barbier'),
(381, 'rue Julie De Oliveira', '26975', 'Texier-sur-Mer'),
(382, '16, boulevard Antoinette David', '27806', 'Legendrenec'),
(383, '64, rue Marc Maillet', '03191', 'Klein'),
(384, 'rue de Torres', '88986', 'Malletdan'),
(385, '65, impasse Caroline Besnard', '14018', 'Bonneau'),
(386, '68, boulevard de Boulanger', '62128', 'Diallo'),
(387, '95, chemin de Rey', '70572', 'Denis-sur-Maillard'),
(388, '82, place Georges Rodrigues', '66173', 'Charles'),
(389, '70, rue Perrot', '63974', 'Laporte'),
(390, '664, rue Girard', '08944', 'Charrierboeuf'),
(391, '32, chemin Laurence Lefebvre', '49910', 'Nguyen-les-Bains'),
(392, '54, chemin de Lefebvre', '76148', 'GarnierVille'),
(393, '3, impasse Dominique Humbert', '01675', 'Rossi'),
(394, '17, place Texier', '04207', 'Le Roux-sur-Rodrigues'),
(395, '66, place Vallet', '96873', 'Labbe-sur-Marin'),
(396, '790, rue Bousquet', '09537', 'Rousset'),
(397, '632, avenue Guerin', '95181', 'Buissonboeuf'),
(398, '37, impasse de Letellier', '54248', 'Lacroixdan'),
(399, '463, impasse Maurice', '01820', 'Grenier-sur-Bernier'),
(400, '79, avenue Rousset', '40080', 'Gillet'),
(401, '68, rue de Perrin', '80656', 'Boutin'),
(402, 'rue de Adam', '29163', 'Guillaumenec'),
(403, '85, avenue de Raynaud', '01516', 'Martins'),
(404, '7, boulevard de Mahe', '43472', 'Faivre'),
(405, '67, impasse Françoise Mathieu', '41334', 'Evrardnec'),
(406, '1, chemin Pons', '47914', 'Raynaud'),
(407, '7, chemin de Giraud', '20504', 'Lecomte'),
(408, '16, rue Olivie Regnier', '63119', 'Couturier'),
(409, 'impasse Camus', '37507', 'Louis-sur-Poulain'),
(410, '129, impasse Madeleine Petit', '97477', 'Gay'),
(411, '89, rue Nicole Salmon', '53721', 'Brunel-sur-Pages'),
(412, '89, impasse de Dupuy', '25320', 'Da Costa'),
(413, '4, rue de Coulon', '43411', 'Pierre-sur-Mer'),
(414, '96, chemin Tristan Caron', '10706', 'Loiseau-sur-Leveque'),
(415, '664, boulevard Buisson', '02702', 'Aubert'),
(416, '64, avenue Noël Ribeiro', '07346', 'MarchandVille'),
(417, '47, rue Laure Hoareau', '81336', 'Langlois'),
(418, '29, impasse Matthieu Pottier', '27779', 'Paris'),
(419, '44, chemin Gilbert', '86110', 'Reynaud-les-Bains'),
(420, '56, rue Marcelle Jacques', '10145', 'Besnard'),
(421, '453, rue Blanchet', '35885', 'Tessier'),
(422, '18, chemin Cordier', '66499', 'Faivre-sur-Mer'),
(423, '518, boulevard Andrée Payet', '29140', 'Dupont'),
(424, '8, rue Michel Guilbert', '21106', 'Joubert-les-Bains'),
(425, '50, rue Bertrand Begue', '18724', 'Hervenec'),
(426, '83, chemin de Pereira', '20826', 'Valentin'),
(427, '41, chemin Gerard', '35401', 'Huetdan'),
(428, '37, chemin Anaïs Dubois', '91188', 'Wagner-la-Forêt'),
(429, '67, impasse Margaux Fernandes', '91593', 'Bretondan'),
(430, '20, rue Claude Letellier', '95554', 'MalletBourg'),
(431, '6, rue de Peron', '07887', 'Gauthier'),
(432, '70, boulevard de Vasseur', '41192', 'VasseurBourg'),
(433, '89, boulevard Meyer', '96496', 'Poirier'),
(434, '974, rue Blanchard', '78569', 'Delorme'),
(435, '20, rue Sabine Jacob', '90176', 'Dubois-les-Bains'),
(436, '2, place de Michaud', '95365', 'FernandezBourg'),
(437, 'rue de Carre', '71866', 'Guerin'),
(438, '11, rue de Roux', '24389', 'Charles'),
(439, '19, rue de Barre', '10332', 'Denis'),
(440, '76, rue Faivre', '50943', 'Peltier-les-Bains'),
(441, '36, impasse de Laroche', '32572', 'Techer-les-Bains'),
(442, 'chemin de Maury', '35029', 'Maurice'),
(443, '3, boulevard William Munoz', '67961', 'Raymond'),
(444, '7, avenue de Guichard', '20581', 'Maury-sur-Mer'),
(445, '328, impasse Théodore Alexandre', '09589', 'Gay'),
(446, '404, rue de Germain', '74472', 'ChauvinVille'),
(447, '392, rue de Leroux', '36021', 'Pelletier-sur-Hoareau'),
(448, '91, impasse Neveu', '83811', 'Philippeboeuf'),
(449, '55, rue Caroline Dumas', '37137', 'Pottier-sur-Mer'),
(450, 'rue Marianne Mathieu', '51699', 'Lebreton'),
(451, 'rue de Da Silva', '88382', 'Diasnec'),
(452, '774, avenue Legendre', '02714', 'Marin-sur-Laine'),
(453, '49, rue de Valette', '76690', 'RibeiroBourg'),
(454, 'impasse de Hernandez', '68007', 'Muller'),
(455, '658, impasse Bernier', '43947', 'Bourgeois'),
(456, '51, boulevard Langlois', '64481', 'Gauthier-la-Forêt'),
(457, 'rue de Carre', '10640', 'Normand'),
(458, '818, boulevard de Pires', '77337', 'RossiBourg'),
(459, '74, boulevard Lecomte', '14798', 'LegrandBourg'),
(460, 'rue de Rolland', '39874', 'Leblanc'),
(461, '35, rue Ferreira', '29833', 'Guilbert-sur-Collin'),
(462, '10, chemin Dorothée Joseph', '82036', 'Gay-sur-Mer'),
(463, '463, place de Descamps', '32125', 'Gilbert-sur-Lejeune'),
(464, '1, rue David Etienne', '33301', 'Benardnec'),
(465, '14, avenue Peron', '66980', 'Gros-sur-Mer'),
(466, 'boulevard Gilbert Texier', '51163', 'Maillard'),
(467, '35, rue Alfred Le Roux', '42694', 'Traore'),
(468, '95, avenue de Munoz', '16873', 'Royer'),
(469, '3, impasse Étienne Lucas', '97597', 'Roche'),
(470, 'avenue Amélie Pottier', '59260', 'FernandezVille'),
(471, '72, chemin Payet', '61070', 'Petit'),
(472, '7, rue Hoareau', '50130', 'Mallet-les-Bains'),
(473, '4, impasse Geneviève Rodrigues', '07586', 'Menard'),
(474, '128, rue Denis Roy', '68755', 'Renard'),
(475, '223, impasse Bertrand Benoit', '88809', 'Colas-les-Bains'),
(476, '83, rue de Bernard', '57195', 'Fleury'),
(477, '610, place Boulanger', '23220', 'Brunet-sur-Rodriguez'),
(478, '97, rue Michaud', '38696', 'Camus'),
(479, '23, rue Victor Boutin', '46895', 'Perretdan'),
(480, 'chemin de Menard', '67247', 'Collin'),
(481, '46, impasse de Jean', '48128', 'Marchal'),
(482, '39, boulevard Catherine Martinez', '45205', 'Delaunayboeuf'),
(483, '50, rue Noel', '71803', 'Michaud'),
(484, '96, boulevard de Leroux', '56446', 'Garnier'),
(485, '6, boulevard Hortense Dupuis', '60287', 'CosteVille'),
(486, 'avenue Maillet', '48947', 'Toussaint-les-Bains'),
(487, '16, rue de Gonzalez', '34670', 'Dias-sur-Nicolas'),
(488, '54, boulevard Vallee', '74174', 'Tessier'),
(489, '899, rue Richard Valette', '71096', 'Dijoux'),
(490, '53, rue Blanchard', '32907', 'Lecomte-sur-Hoareau'),
(491, '254, place André Aubry', '33665', 'Bouvier-sur-Paris'),
(492, '49, chemin Théophile Faivre', '78134', 'Camus'),
(493, 'rue Lagarde', '56660', 'Remy'),
(494, 'chemin de Begue', '45991', 'Laroche'),
(495, '90, avenue Nguyen', '62255', 'Hubertnec'),
(496, '39, impasse Hardy', '61525', 'Bousquet'),
(497, '22, avenue Pottier', '27217', 'Martinez'),
(498, '34, avenue de Dupuy', '58568', 'Ferrand'),
(499, '74, rue Blin', '78192', 'Massondan'),
(500, '963, avenue de Lebreton', '66681', 'Torres-sur-Lambert'),
(501, '43, rue de Fernandez', '49093', 'Chevalier');

-- --------------------------------------------------------

--
-- Structure de la table `card`
--

CREATE TABLE IF NOT EXISTS `card` (
  `id` int(11) NOT NULL AUTO_INCREMENT,
  `type` varchar(255) COLLATE utf8mb4_unicode_ci NOT NULL,
  `numbers` varchar(255) COLLATE utf8mb4_unicode_ci NOT NULL,
  `expiration_date` varchar(255) COLLATE utf8mb4_unicode_ci NOT NULL,
  `code` varchar(255) COLLATE utf8mb4_unicode_ci NOT NULL,
  PRIMARY KEY (`id`)
) ENGINE=InnoDB AUTO_INCREMENT=502 DEFAULT CHARSET=utf8mb4 COLLATE=utf8mb4_unicode_ci;

--
-- Déchargement des données de la table `card`
--

INSERT INTO `card` (`id`, `type`, `numbers`, `expiration_date`, `code`) VALUES
(1, 'JCB', '6011457213358316', '05-2025', '919'),
(2, 'Visa Retired', '3528364588644663', '05-2026', '249'),
(3, 'Visa', '4929481748515501', '10-2026', '801'),
(4, 'MasterCard', '6011738551850273', '12-2026', '498'),
(5, 'Visa', '347302213373741', '04-2024', '355'),
(6, 'Visa', '4024007129368683', '09-2024', '484'),
(7, 'Visa', '370893316771476', '12-2025', '303'),
(8, 'American Express', '2597519521000210', '02-2025', '700'),
(9, 'Visa', '377278392668825', '04-2024', '953'),
(10, 'American Express', '2221204428237652', '09-2026', '895'),
(11, 'MasterCard', '5161974713216992', '04-2024', '328'),
(12, 'Visa Retired', '6011293498716856', '12-2025', '664'),
(13, 'Discover Card', '2363519941086098', '02-2025', '798'),
(14, 'Visa', '2454069752654295', '02-2026', '701'),
(15, 'Visa', '6011546570053120', '06-2025', '187'),
(16, 'American Express', '5201800747385556', '04-2026', '658'),
(17, 'MasterCard', '4532798203332661', '02-2026', '301'),
(18, 'Visa', '3528022781979340', '08-2025', '208'),
(19, 'Visa', '6011111761424034', '12-2025', '500'),
(20, 'MasterCard', '2659161782423628', '07-2025', '221'),
(21, 'JCB', '4929735733418', '02-2025', '555'),
(22, 'Visa', '4102201786515778', '09-2025', '111'),
(23, 'MasterCard', '5185950957593397', '11-2025', '180'),
(24, 'Visa', '4024007136332', '08-2026', '688'),
(25, 'MasterCard', '4532652494925511', '11-2024', '609'),
(26, 'Visa', '340897109036036', '11-2026', '943'),
(27, 'MasterCard', '5406481468870903', '02-2025', '627'),
(28, 'MasterCard', '4539531759777838', '08-2024', '654'),
(29, 'Discover Card', '5445946328610569', '10-2024', '860'),
(30, 'Visa', '2720600689145045', '12-2024', '851'),
(31, 'JCB', '4929939579178939', '08-2025', '860'),
(32, 'MasterCard', '4024007120125561', '03-2024', '338'),
(33, 'Discover Card', '4556864239195216', '05-2024', '558'),
(34, 'Visa', '2373698843900172', '02-2026', '768'),
(35, 'Visa Retired', '6011049643405393', '11-2026', '301'),
(36, 'Discover Card', '5580311769497304', '12-2026', '972'),
(37, 'MasterCard', '4539094201731630', '03-2026', '628'),
(38, 'Visa', '4024007184811', '11-2026', '618'),
(39, 'MasterCard', '4716739059951', '12-2024', '116'),
(40, 'Visa', '2720241012110719', '08-2025', '261'),
(41, 'American Express', '3589774356389471', '06-2026', '683'),
(42, 'MasterCard', '4024007155464', '07-2025', '962'),
(43, 'Visa', '4556006982350131', '11-2025', '540'),
(44, 'MasterCard', '3528518396824920', '01-2027', '159'),
(45, 'MasterCard', '2667097607889843', '08-2025', '893'),
(46, 'MasterCard', '349120117643292', '04-2024', '240'),
(47, 'Visa', '5459183149722109', '10-2024', '940'),
(48, 'MasterCard', '4916653823103693', '06-2025', '115'),
(49, 'Visa Retired', '4067445407948', '02-2026', '136'),
(50, 'Visa', '5286099599238074', '09-2026', '398'),
(51, 'Visa', '4782174188727878', '12-2024', '431'),
(52, 'JCB', '2691207797273209', '12-2025', '797'),
(53, 'JCB', '4539372090869426', '07-2026', '436'),
(54, 'Visa', '4929906968561843', '01-2025', '203'),
(55, 'Visa', '4485770983604723', '06-2025', '937'),
(56, 'Visa', '4716853317409', '07-2024', '533'),
(57, 'Discover Card', '4556660029377901', '06-2026', '840'),
(58, 'MasterCard', '6011319353836271', '03-2024', '223'),
(59, 'Visa', '5517513771797153', '09-2025', '601'),
(60, 'Visa', '4485434709782566', '11-2024', '797'),
(61, 'MasterCard', '372712011137668', '07-2026', '634'),
(62, 'MasterCard', '2355245529824417', '10-2025', '999'),
(63, 'Discover Card', '4916767769090803', '11-2025', '276'),
(64, 'MasterCard', '4556275082662493', '10-2026', '781'),
(65, 'Visa', '340754874997043', '01-2026', '650'),
(66, 'American Express', '4916577662714', '06-2024', '832'),
(67, 'Discover Card', '373113730464211', '12-2024', '594'),
(68, 'JCB', '4556627527528681', '01-2026', '464'),
(69, 'JCB', '4556967723740', '12-2024', '394'),
(70, 'MasterCard', '4532685058833812', '08-2026', '623'),
(71, 'Visa', '4532065939744662', '11-2025', '715'),
(72, 'Visa', '5164381751967865', '09-2024', '830'),
(73, 'Visa Retired', '375619971497916', '01-2027', '866'),
(74, 'MasterCard', '3528833467819810', '08-2025', '202'),
(75, 'Visa', '2221438969177493', '11-2025', '829'),
(76, 'American Express', '5276530333280776', '10-2024', '868'),
(77, 'MasterCard', '4532596333227516', '08-2025', '588'),
(78, 'Visa', '4485087692841474', '04-2025', '820'),
(79, 'Visa Retired', '375476870194494', '11-2024', '172'),
(80, 'Visa', '379646152947332', '02-2024', '573'),
(81, 'Visa', '6011724331844992', '03-2024', '647'),
(82, 'MasterCard', '4539142472679465', '08-2025', '262'),
(83, 'MasterCard', '5373979524410761', '03-2025', '160'),
(84, 'JCB', '373032876161441', '06-2026', '746'),
(85, 'MasterCard', '3528919585883745', '12-2024', '685'),
(86, 'Visa', '4485445774500063', '03-2026', '127'),
(87, 'MasterCard', '4716023765110431', '01-2025', '436'),
(88, 'JCB', '4556502578138', '04-2024', '945'),
(89, 'MasterCard', '4929227349925072', '07-2024', '767'),
(90, 'Visa', '2556539703800087', '04-2024', '303'),
(91, 'Visa', '4716682925046783', '10-2026', '685'),
(92, 'Visa', '5581258143482016', '08-2026', '116'),
(93, 'MasterCard', '4539993730776182', '12-2024', '654'),
(94, 'JCB', '4929213970471933', '12-2024', '744'),
(95, 'Visa', '4485233242883570', '12-2026', '686'),
(96, 'Visa', '3528836430006209', '11-2024', '544'),
(97, 'MasterCard', '4929759821156', '03-2025', '752'),
(98, 'Visa', '5517078611097636', '09-2026', '259'),
(99, 'MasterCard', '378135738209699', '09-2026', '122'),
(100, 'Discover Card', '2520440608982646', '08-2024', '589'),
(101, 'Visa', '5420520087164115', '05-2024', '425'),
(102, 'Visa', '349828734840832', '04-2025', '659'),
(103, 'Discover Card', '2720046562034718', '08-2025', '584'),
(104, 'MasterCard', '370036617303173', '01-2026', '471'),
(105, 'JCB', '2529529774867267', '08-2025', '549'),
(106, 'MasterCard', '5548425478890533', '07-2025', '872'),
(107, 'Visa', '5278921294750717', '06-2025', '328'),
(108, 'Visa', '4539702474640755', '01-2027', '606'),
(109, 'Visa', '2408351915700042', '01-2027', '701'),
(110, 'Visa', '377602058298074', '04-2024', '215'),
(111, 'Discover Card', '4716609598175573', '05-2024', '154'),
(112, 'JCB', '4929517903870544', '02-2027', '457'),
(113, 'Visa Retired', '376223866044336', '07-2026', '629'),
(114, 'Visa', '2720149234115061', '05-2026', '977'),
(115, 'MasterCard', '4485791142752054', '06-2024', '883'),
(116, 'Visa', '4716460745866569', '06-2024', '233'),
(117, 'American Express', '3528600951785199', '05-2026', '828'),
(118, 'MasterCard', '6011603802582499', '04-2025', '341'),
(119, 'Visa Retired', '3528969555463051', '06-2026', '601'),
(120, 'MasterCard', '4664552087771001', '07-2024', '434'),
(121, 'MasterCard', '340377522756759', '12-2025', '155'),
(122, 'American Express', '2575317232486182', '06-2025', '811'),
(123, 'Visa', '4532658891163135', '10-2026', '539'),
(124, 'Visa', '4556126408760539', '04-2026', '730'),
(125, 'Visa', '373571074655720', '01-2026', '101'),
(126, 'JCB', '6011124811502204', '05-2025', '835'),
(127, 'JCB', '4929394407321857', '05-2026', '840'),
(128, 'Discover Card', '4716496665362', '03-2024', '181'),
(129, 'Visa', '2221837903929846', '10-2024', '899'),
(130, 'Visa', '2593593131210224', '03-2025', '730'),
(131, 'Visa', '2519698864848461', '07-2025', '468'),
(132, 'MasterCard', '379436591097877', '10-2026', '229'),
(133, 'Visa', '5316035856825041', '07-2025', '561'),
(134, 'Visa', '4024007129993894', '05-2024', '178'),
(135, 'MasterCard', '6011883914049575', '12-2025', '423'),
(136, 'Visa Retired', '4024007149108267', '04-2024', '119'),
(137, 'JCB', '4556063899741001', '07-2024', '170'),
(138, 'Discover Card', '5226878366028765', '10-2026', '218'),
(139, 'MasterCard', '4539523130038568', '05-2024', '755'),
(140, 'Visa', '6011570555776042', '10-2026', '851'),
(141, 'Visa', '4532869511251', '05-2024', '785'),
(142, 'MasterCard', '4916964334986231', '12-2024', '798'),
(143, 'Visa', '4916228044996744', '07-2025', '332'),
(144, 'Visa', '4716106517675171', '04-2026', '819'),
(145, 'Visa', '4485327066709', '03-2025', '413'),
(146, 'Visa', '5383102909564940', '09-2025', '820'),
(147, 'JCB', '5546308657452329', '07-2024', '921'),
(148, 'American Express', '341858418058524', '07-2025', '985'),
(149, 'MasterCard', '4532238579471264', '07-2025', '698'),
(150, 'MasterCard', '3528025420983219', '10-2026', '316'),
(151, 'MasterCard', '4929776261342799', '07-2025', '274'),
(152, 'MasterCard', '4916611757268783', '08-2025', '935'),
(153, 'Visa', '3589362515493267', '06-2025', '463'),
(154, 'MasterCard', '6011036101894374', '10-2025', '102'),
(155, 'American Express', '6011013593502625', '03-2025', '618'),
(156, 'MasterCard', '6011899172881046', '03-2025', '621'),
(157, 'Visa', '4532472958364606', '07-2026', '322'),
(158, 'MasterCard', '379076796635012', '09-2024', '905'),
(159, 'Visa', '378973848335404', '12-2025', '973'),
(160, 'Discover Card', '373772552012133', '06-2026', '376'),
(161, 'MasterCard', '4532270545017368', '09-2025', '744'),
(162, 'American Express', '5194779838928921', '06-2024', '660'),
(163, 'JCB', '4539833390178206', '03-2026', '856'),
(164, 'MasterCard', '4556582054529026', '03-2025', '457'),
(165, 'JCB', '6011883128451104', '07-2024', '219'),
(166, 'MasterCard', '2221435517600992', '01-2026', '223'),
(167, 'Visa', '4024007142504', '11-2024', '864'),
(168, 'Visa', '4024007192889', '06-2024', '482'),
(169, 'Visa', '347255126934175', '09-2024', '390'),
(170, 'MasterCard', '5560343626814862', '02-2026', '863'),
(171, 'American Express', '4539842140959', '04-2026', '600'),
(172, 'MasterCard', '5534349571473755', '07-2025', '720'),
(173, 'Visa', '5557014775863357', '09-2026', '363'),
(174, 'Visa', '4556501306081339', '08-2026', '141'),
(175, 'Visa', '4485803852893869', '03-2026', '444'),
(176, 'Discover Card', '2567749630566514', '06-2026', '474'),
(177, 'Visa', '4233197135636400', '12-2026', '848'),
(178, 'Visa', '4916998620346338', '06-2026', '811'),
(179, 'JCB', '3528830314914430', '04-2025', '174'),
(180, 'MasterCard', '4485080304807231', '03-2025', '235'),
(181, 'MasterCard', '5109683285012383', '08-2025', '556'),
(182, 'MasterCard', '4485400431847449', '06-2026', '420'),
(183, 'Visa', '6011468138133320', '07-2025', '562'),
(184, 'MasterCard', '2371210850644859', '03-2025', '794'),
(185, 'MasterCard', '4532814149350160', '01-2027', '509'),
(186, 'MasterCard', '6011127135087539', '06-2025', '182'),
(187, 'Visa', '376604053810383', '03-2026', '905'),
(188, 'MasterCard', '347217062441276', '07-2026', '446'),
(189, 'Discover Card', '4916131706615976', '01-2026', '991'),
(190, 'Visa', '345348784446988', '07-2026', '580'),
(191, 'Visa', '4716702495554287', '11-2026', '722'),
(192, 'MasterCard', '2376639446076686', '05-2026', '298'),
(193, 'American Express', '2516036275158290', '03-2026', '301'),
(194, 'MasterCard', '4556193983745095', '09-2024', '724'),
(195, 'MasterCard', '4024007190612084', '04-2025', '969'),
(196, 'MasterCard', '2659280332102506', '06-2025', '438'),
(197, 'Visa', '2504161464846390', '08-2024', '869'),
(198, 'MasterCard', '5380832793653549', '01-2027', '419'),
(199, 'JCB', '4929109026382282', '12-2025', '767'),
(200, 'MasterCard', '4716418025971319', '05-2025', '753'),
(201, 'MasterCard', '4916030235801', '05-2025', '164'),
(202, 'Visa', '4929098782637890', '11-2025', '956'),
(203, 'MasterCard', '371503577558400', '07-2025', '460'),
(204, 'Visa', '6011882960904493', '12-2026', '736'),
(205, 'MasterCard', '4532079727581236', '03-2024', '580'),
(206, 'MasterCard', '4916426425750', '11-2026', '101'),
(207, 'Visa', '6011963892000780', '09-2026', '439'),
(208, 'MasterCard', '2720886878084646', '03-2024', '174'),
(209, 'Discover Card', '5207808565351356', '10-2026', '162'),
(210, 'Visa', '3589897414197923', '07-2025', '714'),
(211, 'Visa', '2697221942140837', '10-2026', '766'),
(212, 'MasterCard', '5366569464124388', '05-2024', '880'),
(213, 'Discover Card', '6011238005468558', '01-2026', '682'),
(214, 'MasterCard', '5532975446708371', '07-2024', '325'),
(215, 'Visa', '2374234734829541', '03-2026', '707'),
(216, 'MasterCard', '4716516935729675', '10-2025', '215'),
(217, 'Discover Card', '4539153546661', '11-2026', '849'),
(218, 'MasterCard', '5513685410773128', '09-2024', '674'),
(219, 'MasterCard', '5448101174109152', '04-2025', '309'),
(220, 'Visa', '4539062193111434', '04-2024', '655'),
(221, 'MasterCard', '4485531922611991', '11-2026', '579'),
(222, 'MasterCard', '4532874733398207', '09-2024', '316'),
(223, 'MasterCard', '2458402133588641', '04-2025', '658'),
(224, 'Visa', '347311277256957', '04-2025', '354'),
(225, 'Visa', '4024007112953715', '09-2026', '140'),
(226, 'Discover Card', '2221932172650627', '05-2026', '117'),
(227, 'MasterCard', '4721278705354225', '07-2024', '622'),
(228, 'MasterCard', '371077084599579', '09-2025', '449'),
(229, 'MasterCard', '4929645557280171', '08-2025', '961'),
(230, 'Visa Retired', '347580810894215', '10-2024', '755'),
(231, 'MasterCard', '4556278219555325', '03-2024', '735'),
(232, 'Discover Card', '3528367796172104', '10-2025', '952'),
(233, 'Visa', '5489937997942257', '07-2026', '646'),
(234, 'Visa', '4716808970512557', '09-2025', '413'),
(235, 'Visa Retired', '6011348257667912', '05-2025', '998'),
(236, 'Visa', '4539935090099077', '02-2027', '175'),
(237, 'MasterCard', '6011113589331433', '08-2024', '271'),
(238, 'MasterCard', '4532616565733641', '10-2026', '436'),
(239, 'Visa', '4485238571402884', '03-2024', '668'),
(240, 'Visa', '4024007117920735', '11-2024', '232'),
(241, 'Visa', '6011454821173062', '04-2025', '116'),
(242, 'Visa', '2428260285796819', '01-2025', '264'),
(243, 'Visa', '344934095888082', '09-2026', '386'),
(244, 'Visa', '4485302647141536', '01-2027', '715'),
(245, 'Visa', '341541739643261', '08-2024', '533'),
(246, 'Visa', '5142671992923819', '11-2024', '101'),
(247, 'JCB', '4539263797646474', '10-2026', '399'),
(248, 'American Express', '4916802854731357', '04-2024', '644'),
(249, 'Visa', '3589731635939773', '07-2026', '259'),
(250, 'Visa', '6011194771259913', '09-2024', '180'),
(251, 'Visa', '4038000346193', '12-2025', '361'),
(252, 'Visa', '4485891361364894', '01-2025', '889'),
(253, 'JCB', '4556017694211776', '03-2024', '951'),
(254, 'Visa', '4556313491828403', '01-2027', '330'),
(255, 'MasterCard', '5374982617064965', '12-2026', '291'),
(256, 'MasterCard', '3528198883114927', '10-2025', '684'),
(257, 'MasterCard', '2221289131516740', '06-2025', '137'),
(258, 'MasterCard', '5473922516712264', '08-2024', '409'),
(259, 'Visa', '4485861665879939', '06-2024', '863'),
(260, 'Visa', '4916516777822099', '10-2024', '232'),
(261, 'Visa', '347594660162250', '10-2024', '133'),
(262, 'Visa', '4716866161755526', '01-2025', '148'),
(263, 'American Express', '5426108091099156', '11-2026', '752'),
(264, 'JCB', '5297463960012707', '06-2024', '231'),
(265, 'MasterCard', '2353008410142543', '01-2026', '994'),
(266, 'MasterCard', '4716698340744620', '01-2025', '464'),
(267, 'MasterCard', '4024007182104', '04-2026', '993'),
(268, 'Visa', '5372965188928785', '05-2024', '954'),
(269, 'Visa', '4485519896954', '03-2025', '304'),
(270, 'Visa', '4911367378301082', '12-2024', '147'),
(271, 'Visa', '4929350859811', '10-2024', '154'),
(272, 'Visa', '4929528339510612', '11-2024', '122'),
(273, 'MasterCard', '2585443965661268', '07-2024', '171'),
(274, 'Visa Retired', '4485112540084711', '09-2025', '982'),
(275, 'Visa', '5532202506579786', '03-2024', '184'),
(276, 'Visa', '3589475270662627', '05-2026', '686'),
(277, 'American Express', '2413436969589210', '11-2026', '141'),
(278, 'MasterCard', '5589710129675403', '10-2026', '333'),
(279, 'Visa', '3528834919473198', '02-2026', '186'),
(280, 'American Express', '5269824592807802', '05-2026', '962'),
(281, 'Visa', '4539242247357239', '06-2024', '733'),
(282, 'JCB', '4916762501649966', '06-2025', '857'),
(283, 'Discover Card', '2382376792933317', '08-2026', '730'),
(284, 'MasterCard', '5432609628158433', '03-2026', '833'),
(285, 'Visa', '6011532457127203', '11-2025', '543'),
(286, 'Visa', '4929627012416004', '06-2024', '433'),
(287, 'American Express', '4556238228462780', '07-2026', '314'),
(288, 'MasterCard', '4018755260463287', '04-2025', '906'),
(289, 'Visa', '6011669707803827', '05-2025', '597'),
(290, 'American Express', '5386220945294293', '06-2025', '829'),
(291, 'MasterCard', '3528989308828723', '12-2026', '504'),
(292, 'MasterCard', '3589352809887217', '01-2027', '785'),
(293, 'MasterCard', '4556311091101130', '04-2025', '750'),
(294, 'Visa Retired', '4556573067624219', '04-2026', '855'),
(295, 'American Express', '3528457948006241', '05-2025', '400'),
(296, 'MasterCard', '4716634793649867', '05-2024', '313'),
(297, 'MasterCard', '4916491850507407', '09-2024', '782'),
(298, 'MasterCard', '2643539638682209', '10-2026', '993'),
(299, 'MasterCard', '2221009052105277', '02-2025', '982'),
(300, 'JCB', '4716429739623732', '06-2026', '632'),
(301, 'American Express', '4020903752590045', '10-2025', '240'),
(302, 'MasterCard', '4141659060746877', '01-2027', '945'),
(303, 'Discover Card', '4916107867809335', '05-2026', '130'),
(304, 'MasterCard', '4929698225355750', '10-2024', '502'),
(305, 'American Express', '2720607416051974', '10-2024', '553'),
(306, 'Visa', '343559848253432', '12-2024', '788'),
(307, 'Visa', '2613265819755319', '09-2025', '828'),
(308, 'MasterCard', '2221487649729413', '03-2025', '625'),
(309, 'Visa', '4916128419404409', '09-2024', '319'),
(310, 'MasterCard', '2586339414534404', '04-2026', '830'),
(311, 'Visa', '4485224252444999', '07-2025', '922'),
(312, 'American Express', '2517915234831023', '08-2025', '533'),
(313, 'JCB', '5516433284927216', '07-2024', '968'),
(314, 'MasterCard', '6011446441176624', '04-2024', '367'),
(315, 'MasterCard', '2449285594233936', '05-2025', '773'),
(316, 'Visa', '6011854065641999', '03-2024', '387'),
(317, 'Visa Retired', '4485874367723438', '05-2025', '523'),
(318, 'Visa', '3528062105778515', '11-2025', '677'),
(319, 'MasterCard', '3589363947056581', '07-2024', '826'),
(320, 'Visa', '5238548515236439', '12-2024', '250'),
(321, 'Visa', '346582292268331', '04-2025', '337'),
(322, 'Visa Retired', '2450558947176507', '08-2025', '617'),
(323, 'American Express', '4485893543909', '09-2026', '428'),
(324, 'MasterCard', '4929020569527', '09-2026', '639'),
(325, 'Visa', '378182201094117', '08-2025', '277'),
(326, 'MasterCard', '4916904749913149', '08-2024', '119'),
(327, 'Visa', '4716622592787', '05-2026', '487'),
(328, 'Visa', '3589637550829099', '01-2025', '773'),
(329, 'Visa', '5472278056780919', '09-2026', '998'),
(330, 'Visa Retired', '5502762804385588', '05-2026', '390'),
(331, 'American Express', '2221701916799770', '04-2025', '655'),
(332, 'American Express', '2221202874603922', '06-2024', '860'),
(333, 'MasterCard', '2385424522792228', '04-2025', '995'),
(334, 'American Express', '6011275157516016', '11-2026', '110'),
(335, 'JCB', '6011477437252897', '10-2026', '345'),
(336, 'American Express', '5487955842411585', '02-2025', '867'),
(337, 'MasterCard', '2391430532896679', '06-2026', '664'),
(338, 'Visa', '2720041928889392', '08-2025', '203'),
(339, 'MasterCard', '345025758498431', '08-2025', '561'),
(340, 'MasterCard', '4024007172915612', '11-2025', '717'),
(341, 'Visa', '5305893598025517', '01-2026', '219'),
(342, 'MasterCard', '4532661188959991', '12-2024', '819'),
(343, 'JCB', '4716519633632605', '04-2025', '553'),
(344, 'Visa', '4716477851841665', '06-2026', '200'),
(345, 'MasterCard', '4916595432239501', '12-2026', '854'),
(346, 'Visa', '4916070664660006', '05-2025', '542'),
(347, 'MasterCard', '375766349297401', '08-2026', '254'),
(348, 'Visa', '4539515531802105', '03-2025', '439'),
(349, 'MasterCard', '2720276215865222', '07-2025', '381'),
(350, 'Visa', '5492215270197963', '12-2025', '823'),
(351, 'Visa', '6011785245452586', '05-2025', '970'),
(352, 'Visa', '345949982908610', '09-2024', '594'),
(353, 'Discover Card', '4539762387370213', '04-2026', '857'),
(354, 'Discover Card', '3589068704696368', '01-2026', '828'),
(355, 'Visa', '4929185046700034', '04-2025', '921'),
(356, 'MasterCard', '5132938053492980', '08-2024', '504'),
(357, 'American Express', '6011980349543816', '08-2026', '599'),
(358, 'American Express', '6011525613720523', '08-2025', '808'),
(359, 'JCB', '6011643802064171', '03-2026', '470'),
(360, 'American Express', '5222650436316981', '01-2027', '641'),
(361, 'Visa', '341023191410406', '03-2026', '637'),
(362, 'American Express', '3528306763069588', '02-2025', '558'),
(363, 'MasterCard', '343181524602913', '07-2025', '196'),
(364, 'JCB', '2547981435018350', '07-2024', '981'),
(365, 'Visa', '4485471859245564', '02-2027', '781'),
(366, 'MasterCard', '2221406222229518', '11-2024', '896'),
(367, 'Visa', '4445923156167403', '01-2026', '676'),
(368, 'Discover Card', '3589025667875728', '10-2025', '641'),
(369, 'Discover Card', '5571037011551090', '02-2026', '930'),
(370, 'Discover Card', '3589372430905832', '02-2025', '450'),
(371, 'Visa', '4716902854429812', '07-2024', '611'),
(372, 'Visa', '2408387302610477', '06-2024', '377'),
(373, 'MasterCard', '5509139718307193', '04-2026', '894'),
(374, 'MasterCard', '4485150305350091', '11-2024', '482'),
(375, 'Visa', '2479994674579042', '05-2026', '988'),
(376, 'Visa', '6011188349950722', '05-2024', '687'),
(377, 'Visa', '4929592190468971', '09-2025', '650'),
(378, 'American Express', '6011002876100033', '01-2026', '570'),
(379, 'Visa', '6011644548031698', '12-2025', '491'),
(380, 'Visa', '4716102569016', '10-2026', '981'),
(381, 'JCB', '2221325365125871', '11-2025', '324'),
(382, 'Visa Retired', '370132229949956', '01-2025', '879'),
(383, 'Visa', '4929209461504463', '04-2026', '366'),
(384, 'MasterCard', '5423421378298752', '04-2024', '891'),
(385, 'JCB', '2598375949550453', '10-2026', '442'),
(386, 'MasterCard', '2573714440925930', '07-2026', '113'),
(387, 'American Express', '2413472683925182', '08-2024', '426'),
(388, 'JCB', '4485182420622385', '07-2024', '494'),
(389, 'Visa', '2631729763024160', '07-2025', '290'),
(390, 'MasterCard', '2221893830968274', '08-2024', '597'),
(391, 'Visa Retired', '2596927147677843', '05-2024', '215'),
(392, 'MasterCard', '4716837090715329', '02-2027', '532'),
(393, 'Discover Card', '2317539863428166', '08-2025', '888'),
(394, 'Visa', '4279114548528319', '12-2024', '225'),
(395, 'MasterCard', '5582003102462909', '08-2025', '798'),
(396, 'Discover Card', '2494451157234687', '07-2025', '744'),
(397, 'Visa', '5179546699380016', '07-2026', '197'),
(398, 'Visa', '4413288799107200', '12-2024', '724'),
(399, 'Visa', '5427748049636606', '09-2024', '914'),
(400, 'Visa', '4539998897847668', '10-2026', '404'),
(401, 'JCB', '374573567003326', '01-2026', '845'),
(402, 'MasterCard', '2221124450454878', '03-2026', '273'),
(403, 'Discover Card', '5356616806297406', '11-2024', '836'),
(404, 'MasterCard', '4485500357599252', '11-2024', '301'),
(405, 'MasterCard', '4485773044915369', '04-2026', '531'),
(406, 'Discover Card', '4532163923095348', '05-2025', '175'),
(407, 'Visa', '4024007186501', '03-2025', '184'),
(408, 'MasterCard', '372139361018894', '10-2024', '885'),
(409, 'American Express', '4970215967528383', '01-2027', '188'),
(410, 'Visa Retired', '3528840076391958', '10-2025', '503'),
(411, 'Visa', '4496957576778900', '01-2025', '496'),
(412, 'MasterCard', '4532392565240009', '06-2024', '900'),
(413, 'Visa', '4716906091535406', '03-2025', '172'),
(414, 'MasterCard', '2322773934829630', '04-2025', '732'),
(415, 'JCB', '4556945336601451', '03-2025', '696'),
(416, 'Visa', '5236680373847569', '07-2026', '341'),
(417, 'American Express', '3589710765760779', '09-2024', '279'),
(418, 'JCB', '4556360526500', '08-2026', '552'),
(419, 'Visa', '4556989113179778', '06-2025', '509'),
(420, 'Visa', '4532366568754', '05-2026', '283'),
(421, 'MasterCard', '4929212182120742', '05-2025', '905'),
(422, 'Visa', '3589971364358031', '08-2024', '772'),
(423, 'MasterCard', '5283280356028931', '05-2025', '255'),
(424, 'Visa', '5127554603883292', '02-2026', '939'),
(425, 'Visa', '5311204049367346', '08-2025', '861'),
(426, 'Visa', '5498508374619435', '10-2026', '681'),
(427, 'MasterCard', '5536104344991171', '12-2024', '642'),
(428, 'MasterCard', '4716256229472340', '12-2025', '590'),
(429, 'JCB', '5337609466951341', '09-2025', '244'),
(430, 'MasterCard', '5409650924196114', '01-2025', '262'),
(431, 'MasterCard', '3528637082018769', '09-2024', '440'),
(432, 'MasterCard', '5555344615738291', '07-2025', '480'),
(433, 'JCB', '2372087385161461', '02-2026', '920'),
(434, 'Visa', '2221063120176380', '07-2025', '241'),
(435, 'JCB', '2536416640948854', '08-2025', '381'),
(436, 'MasterCard', '4916561430122933', '04-2026', '441'),
(437, 'Discover Card', '376287202295878', '11-2026', '435'),
(438, 'MasterCard', '4929433828477011', '10-2026', '998'),
(439, 'Visa', '4984734831345042', '08-2024', '599'),
(440, 'Visa', '374318521388615', '11-2024', '352'),
(441, 'MasterCard', '4929094362676218', '05-2026', '125'),
(442, 'Visa Retired', '3589313887013548', '05-2024', '442'),
(443, 'Visa', '2314263751723496', '11-2024', '801'),
(444, 'Visa', '4916336131678974', '12-2024', '757'),
(445, 'MasterCard', '5238410937146870', '07-2026', '749'),
(446, 'American Express', '4716693897613781', '01-2025', '800'),
(447, 'Visa', '4485696831390662', '09-2024', '740'),
(448, 'JCB', '5548959630692395', '09-2024', '469'),
(449, 'Discover Card', '5271903850959806', '01-2026', '232'),
(450, 'American Express', '2394986528882145', '12-2025', '540'),
(451, 'Visa Retired', '4539948522886284', '11-2024', '316'),
(452, 'American Express', '4539427249605', '05-2026', '667'),
(453, 'American Express', '6011690454812266', '02-2027', '663'),
(454, 'Visa', '4861326099683202', '05-2026', '176'),
(455, 'Visa', '4929912394194860', '04-2025', '408'),
(456, 'Visa', '6011920040796255', '10-2026', '413'),
(457, 'Visa', '2371746693835428', '11-2026', '191'),
(458, 'JCB', '2600052914369013', '06-2024', '871'),
(459, 'Visa', '6011932381968328', '10-2026', '790'),
(460, 'Visa', '4916915603107347', '10-2026', '192'),
(461, 'MasterCard', '4929227628942467', '01-2027', '633'),
(462, 'Visa', '2529316509313944', '11-2026', '235'),
(463, 'Visa', '4485598434929500', '03-2025', '356'),
(464, 'MasterCard', '2389464146760702', '05-2026', '453'),
(465, 'MasterCard', '344744369857808', '03-2025', '526'),
(466, 'American Express', '4532204016762533', '11-2024', '614'),
(467, 'Visa', '2221246139636896', '10-2025', '980'),
(468, 'Discover Card', '2720232675300960', '02-2026', '743'),
(469, 'JCB', '6011895947020142', '10-2026', '474'),
(470, 'Visa', '5242838482757473', '12-2026', '174'),
(471, 'Visa', '2655652148235742', '10-2024', '229'),
(472, 'MasterCard', '4556226864466165', '04-2024', '277'),
(473, 'JCB', '4485871811732', '10-2024', '789'),
(474, 'MasterCard', '4916101570876798', '08-2025', '592'),
(475, 'Visa', '4485170304893974', '10-2026', '987'),
(476, 'MasterCard', '4539050585822601', '07-2026', '564'),
(477, 'MasterCard', '5263941203429598', '05-2024', '206'),
(478, 'Discover Card', '4024007132125401', '06-2026', '157'),
(479, 'MasterCard', '3528495011656930', '06-2024', '988'),
(480, 'Visa', '4716421484302901', '04-2024', '996'),
(481, 'JCB', '5434374269202002', '04-2025', '327'),
(482, 'MasterCard', '2720274074077658', '01-2027', '763'),
(483, 'Visa', '2437628567873549', '01-2025', '313'),
(484, 'Visa', '6011351204658059', '11-2024', '170'),
(485, 'MasterCard', '2221007352900389', '10-2026', '683'),
(486, 'Visa', '3528352910886847', '02-2027', '687'),
(487, 'MasterCard', '340981643873623', '09-2026', '785'),
(488, 'Visa', '2500546009617716', '12-2024', '899'),
(489, 'MasterCard', '346143526169330', '06-2025', '644'),
(490, 'American Express', '5318382759039512', '03-2024', '724'),
(491, 'MasterCard', '2590609044129948', '03-2024', '102'),
(492, 'Visa', '5367475478935414', '02-2025', '356'),
(493, 'Visa', '5316471741503404', '02-2025', '224'),
(494, 'Discover Card', '3589970086437222', '05-2025', '686'),
(495, 'Visa', '2461157266497946', '06-2025', '502'),
(496, 'MasterCard', '4556865815478959', '07-2025', '575'),
(497, 'American Express', '6011973946580422', '02-2025', '958'),
(498, 'MasterCard', '4532381819944623', '11-2024', '587'),
(499, 'MasterCard', '4716945776091', '08-2026', '396'),
(500, 'MasterCard', '2592867877992786', '11-2026', '559'),
(501, 'JCB', '2221468876614924', '12-2026', '338');

-- --------------------------------------------------------

--
-- Structure de la table `client`
--

CREATE TABLE IF NOT EXISTS `client` (
  `id` int(11) NOT NULL AUTO_INCREMENT,
  `account_id` int(11) NOT NULL,
  `address_id` int(11) NOT NULL,
  `card_id` int(11) NOT NULL,
  `code` varchar(255) COLLATE utf8mb4_unicode_ci NOT NULL,
  `share_with_partners` tinyint(1) NOT NULL,
  PRIMARY KEY (`id`),
  UNIQUE KEY `UNIQ_C74404559B6B5FBA` (`account_id`),
  UNIQUE KEY `UNIQ_C7440455F5B7AF75` (`address_id`),
  UNIQUE KEY `UNIQ_C74404554ACC9A20` (`card_id`)
) ENGINE=InnoDB AUTO_INCREMENT=502 DEFAULT CHARSET=utf8mb4 COLLATE=utf8mb4_unicode_ci;

--
-- Déchargement des données de la table `client`
--

INSERT INTO `client` (`id`, `account_id`, `address_id`, `card_id`, `code`, `share_with_partners`) VALUES
(1, 1, 1, 1, 'C-63620634', 0),
(2, 2, 2, 2, 'C-69068201', 0),
(3, 3, 3, 3, 'C-78675063', 0),
(4, 4, 4, 4, 'C-24432948', 0),
(5, 5, 5, 5, 'C-05040704', 0),
(6, 6, 6, 6, 'C-12040179', 1),
(7, 7, 7, 7, 'C-57036601', 0),
(8, 8, 8, 8, 'C-92319905', 0),
(9, 9, 9, 9, 'C-68105556', 1),
(10, 10, 10, 10, 'C-81562831', 1),
(11, 11, 11, 11, 'C-35350101', 0),
(12, 12, 12, 12, 'C-65186909', 0),
(13, 13, 13, 13, 'C-64987453', 0),
(14, 14, 14, 14, 'C-58780879', 1),
(15, 15, 15, 15, 'C-28059264', 0),
(16, 16, 16, 16, 'C-83433276', 1),
(17, 17, 17, 17, 'C-98552689', 1),
(18, 18, 18, 18, 'C-93167888', 0),
(19, 19, 19, 19, 'C-65234891', 1),
(20, 20, 20, 20, 'C-66895978', 0),
(21, 21, 21, 21, 'C-29177400', 1),
(22, 22, 22, 22, 'C-32347067', 0),
(23, 23, 23, 23, 'C-91059611', 1),
(24, 24, 24, 24, 'C-53617477', 1),
(25, 25, 25, 25, 'C-65537619', 0),
(26, 26, 26, 26, 'C-63799545', 0),
(27, 27, 27, 27, 'C-79627931', 0),
(28, 28, 28, 28, 'C-01262681', 1),
(29, 29, 29, 29, 'C-32076523', 1),
(30, 30, 30, 30, 'C-11779346', 1),
(31, 31, 31, 31, 'C-77336583', 0),
(32, 32, 32, 32, 'C-54907232', 1),
(33, 33, 33, 33, 'C-57678856', 1),
(34, 34, 34, 34, 'C-35375197', 1),
(35, 35, 35, 35, 'C-51823467', 1),
(36, 36, 36, 36, 'C-78484481', 1),
(37, 37, 37, 37, 'C-89033005', 1),
(38, 38, 38, 38, 'C-20201432', 0),
(39, 39, 39, 39, 'C-02841946', 0),
(40, 40, 40, 40, 'C-80718468', 1),
(41, 41, 41, 41, 'C-64981413', 0),
(42, 42, 42, 42, 'C-85824706', 0),
(43, 43, 43, 43, 'C-09215825', 0),
(44, 44, 44, 44, 'C-43991655', 0),
(45, 45, 45, 45, 'C-00896818', 0),
(46, 46, 46, 46, 'C-71367637', 0),
(47, 47, 47, 47, 'C-25703078', 0),
(48, 48, 48, 48, 'C-15991225', 1),
(49, 49, 49, 49, 'C-80395720', 0),
(50, 50, 50, 50, 'C-93436298', 0),
(51, 51, 51, 51, 'C-62961790', 1),
(52, 52, 52, 52, 'C-61230293', 0),
(53, 53, 53, 53, 'C-46930521', 0),
(54, 54, 54, 54, 'C-47000292', 0),
(55, 55, 55, 55, 'C-60235503', 0),
(56, 56, 56, 56, 'C-67489978', 1),
(57, 57, 57, 57, 'C-85155879', 1),
(58, 58, 58, 58, 'C-76571152', 0),
(59, 59, 59, 59, 'C-72576472', 0),
(60, 60, 60, 60, 'C-42841876', 1),
(61, 61, 61, 61, 'C-43799299', 0),
(62, 62, 62, 62, 'C-29857227', 0),
(63, 63, 63, 63, 'C-12129652', 0),
(64, 64, 64, 64, 'C-64065397', 1),
(65, 65, 65, 65, 'C-07083907', 1),
(66, 66, 66, 66, 'C-90889394', 1),
(67, 67, 67, 67, 'C-89141571', 0),
(68, 68, 68, 68, 'C-07429804', 1),
(69, 69, 69, 69, 'C-59557999', 1),
(70, 70, 70, 70, 'C-82111533', 1),
(71, 71, 71, 71, 'C-83236754', 1),
(72, 72, 72, 72, 'C-92420311', 1),
(73, 73, 73, 73, 'C-91859440', 1),
(74, 74, 74, 74, 'C-55489911', 0),
(75, 75, 75, 75, 'C-43347353', 0),
(76, 76, 76, 76, 'C-79562270', 1),
(77, 77, 77, 77, 'C-40369754', 1),
(78, 78, 78, 78, 'C-10421642', 0),
(79, 79, 79, 79, 'C-67855131', 1),
(80, 80, 80, 80, 'C-91456106', 1),
(81, 81, 81, 81, 'C-42607526', 0),
(82, 82, 82, 82, 'C-63220964', 1),
(83, 83, 83, 83, 'C-21623462', 1),
(84, 84, 84, 84, 'C-36454228', 1),
(85, 85, 85, 85, 'C-59033639', 1),
(86, 86, 86, 86, 'C-87444216', 1),
(87, 87, 87, 87, 'C-16844599', 0),
(88, 88, 88, 88, 'C-95821764', 1),
(89, 89, 89, 89, 'C-51320980', 0),
(90, 90, 90, 90, 'C-62237970', 0),
(91, 91, 91, 91, 'C-18748017', 0),
(92, 92, 92, 92, 'C-17952866', 0),
(93, 93, 93, 93, 'C-59472926', 1),
(94, 94, 94, 94, 'C-05673377', 1),
(95, 95, 95, 95, 'C-22804594', 0),
(96, 96, 96, 96, 'C-65555576', 1),
(97, 97, 97, 97, 'C-50917419', 1),
(98, 98, 98, 98, 'C-78344556', 1),
(99, 99, 99, 99, 'C-30344136', 0),
(100, 100, 100, 100, 'C-76908057', 0),
(101, 101, 101, 101, 'C-21451423', 0),
(102, 102, 102, 102, 'C-10682432', 1),
(103, 103, 103, 103, 'C-85098596', 1),
(104, 104, 104, 104, 'C-84612212', 0),
(105, 105, 105, 105, 'C-96310823', 1),
(106, 106, 106, 106, 'C-48464024', 1),
(107, 107, 107, 107, 'C-50623167', 1),
(108, 108, 108, 108, 'C-05834815', 1),
(109, 109, 109, 109, 'C-19880303', 1),
(110, 110, 110, 110, 'C-79048309', 0),
(111, 111, 111, 111, 'C-97961840', 1),
(112, 112, 112, 112, 'C-60997562', 0),
(113, 113, 113, 113, 'C-15041548', 1),
(114, 114, 114, 114, 'C-95609911', 0),
(115, 115, 115, 115, 'C-16279810', 1),
(116, 116, 116, 116, 'C-60044006', 1),
(117, 117, 117, 117, 'C-18436808', 0),
(118, 118, 118, 118, 'C-38939907', 1),
(119, 119, 119, 119, 'C-01407587', 1),
(120, 120, 120, 120, 'C-18921991', 1),
(121, 121, 121, 121, 'C-21551536', 1),
(122, 122, 122, 122, 'C-14404344', 1),
(123, 123, 123, 123, 'C-95081861', 1),
(124, 124, 124, 124, 'C-67431564', 1),
(125, 125, 125, 125, 'C-92794795', 0),
(126, 126, 126, 126, 'C-11928522', 0),
(127, 127, 127, 127, 'C-12562688', 0),
(128, 128, 128, 128, 'C-72121627', 0),
(129, 129, 129, 129, 'C-14386374', 0),
(130, 130, 130, 130, 'C-04964971', 0),
(131, 131, 131, 131, 'C-09537903', 0),
(132, 132, 132, 132, 'C-29100064', 1),
(133, 133, 133, 133, 'C-31041898', 0),
(134, 134, 134, 134, 'C-28796329', 1),
(135, 135, 135, 135, 'C-46840103', 0),
(136, 136, 136, 136, 'C-90617393', 1),
(137, 137, 137, 137, 'C-80682516', 1),
(138, 138, 138, 138, 'C-36818259', 0),
(139, 139, 139, 139, 'C-29590995', 0),
(140, 140, 140, 140, 'C-71981055', 0),
(141, 141, 141, 141, 'C-48878326', 1),
(142, 142, 142, 142, 'C-75739522', 0),
(143, 143, 143, 143, 'C-74215959', 0),
(144, 144, 144, 144, 'C-64507354', 1),
(145, 145, 145, 145, 'C-16892866', 0),
(146, 146, 146, 146, 'C-92855038', 1),
(147, 147, 147, 147, 'C-85080683', 0),
(148, 148, 148, 148, 'C-53730008', 1),
(149, 149, 149, 149, 'C-33720289', 1),
(150, 150, 150, 150, 'C-18317725', 1),
(151, 151, 151, 151, 'C-27390177', 1),
(152, 152, 152, 152, 'C-86747288', 1),
(153, 153, 153, 153, 'C-38813580', 0),
(154, 154, 154, 154, 'C-52791956', 1),
(155, 155, 155, 155, 'C-65058329', 1),
(156, 156, 156, 156, 'C-89112243', 0),
(157, 157, 157, 157, 'C-69032028', 1),
(158, 158, 158, 158, 'C-33072364', 1),
(159, 159, 159, 159, 'C-18171211', 1),
(160, 160, 160, 160, 'C-43760534', 1),
(161, 161, 161, 161, 'C-36986569', 1),
(162, 162, 162, 162, 'C-42587910', 0),
(163, 163, 163, 163, 'C-56618259', 1),
(164, 164, 164, 164, 'C-72337707', 1),
(165, 165, 165, 165, 'C-90922503', 0),
(166, 166, 166, 166, 'C-13308162', 0),
(167, 167, 167, 167, 'C-77070043', 0),
(168, 168, 168, 168, 'C-30911512', 1),
(169, 169, 169, 169, 'C-54711242', 1),
(170, 170, 170, 170, 'C-79341752', 0),
(171, 171, 171, 171, 'C-18239744', 1),
(172, 172, 172, 172, 'C-92107427', 0),
(173, 173, 173, 173, 'C-08704986', 0),
(174, 174, 174, 174, 'C-56895568', 0),
(175, 175, 175, 175, 'C-04191193', 0),
(176, 176, 176, 176, 'C-68003142', 0),
(177, 177, 177, 177, 'C-07743269', 0),
(178, 178, 178, 178, 'C-98600014', 0),
(179, 179, 179, 179, 'C-59753131', 0),
(180, 180, 180, 180, 'C-82541842', 1),
(181, 181, 181, 181, 'C-99682736', 1),
(182, 182, 182, 182, 'C-53269317', 0),
(183, 183, 183, 183, 'C-35460237', 1),
(184, 184, 184, 184, 'C-83220777', 0),
(185, 185, 185, 185, 'C-03657980', 1),
(186, 186, 186, 186, 'C-96506479', 0),
(187, 187, 187, 187, 'C-40357546', 0),
(188, 188, 188, 188, 'C-10430149', 1),
(189, 189, 189, 189, 'C-35163305', 1),
(190, 190, 190, 190, 'C-55395649', 1),
(191, 191, 191, 191, 'C-58870365', 0),
(192, 192, 192, 192, 'C-72398623', 1),
(193, 193, 193, 193, 'C-24630481', 1),
(194, 194, 194, 194, 'C-02090771', 1),
(195, 195, 195, 195, 'C-85696488', 1),
(196, 196, 196, 196, 'C-61050747', 0),
(197, 197, 197, 197, 'C-44352646', 1),
(198, 198, 198, 198, 'C-07414497', 1),
(199, 199, 199, 199, 'C-28598961', 1),
(200, 200, 200, 200, 'C-09004382', 1),
(201, 201, 201, 201, 'C-10797556', 1),
(202, 202, 202, 202, 'C-54436572', 0),
(203, 203, 203, 203, 'C-92348202', 1),
(204, 204, 204, 204, 'C-15307071', 1),
(205, 205, 205, 205, 'C-10450307', 1),
(206, 206, 206, 206, 'C-51019334', 1),
(207, 207, 207, 207, 'C-04999553', 1),
(208, 208, 208, 208, 'C-11371328', 0),
(209, 209, 209, 209, 'C-81492589', 0),
(210, 210, 210, 210, 'C-50658602', 0),
(211, 211, 211, 211, 'C-19472362', 1),
(212, 212, 212, 212, 'C-70444322', 0),
(213, 213, 213, 213, 'C-50065561', 1),
(214, 214, 214, 214, 'C-34642276', 0),
(215, 215, 215, 215, 'C-86323345', 0),
(216, 216, 216, 216, 'C-86701723', 0),
(217, 217, 217, 217, 'C-92225374', 1),
(218, 218, 218, 218, 'C-30289796', 1),
(219, 219, 219, 219, 'C-06625702', 0),
(220, 220, 220, 220, 'C-10791189', 1),
(221, 221, 221, 221, 'C-05752188', 0),
(222, 222, 222, 222, 'C-77938480', 0),
(223, 223, 223, 223, 'C-87158021', 1),
(224, 224, 224, 224, 'C-14159985', 1),
(225, 225, 225, 225, 'C-36209224', 1),
(226, 226, 226, 226, 'C-38937897', 1),
(227, 227, 227, 227, 'C-90944284', 0),
(228, 228, 228, 228, 'C-02143903', 1),
(229, 229, 229, 229, 'C-51164614', 0),
(230, 230, 230, 230, 'C-82004798', 1),
(231, 231, 231, 231, 'C-05867394', 1),
(232, 232, 232, 232, 'C-96470619', 1),
(233, 233, 233, 233, 'C-10549988', 0),
(234, 234, 234, 234, 'C-49677997', 0),
(235, 235, 235, 235, 'C-17498463', 0),
(236, 236, 236, 236, 'C-64601632', 1),
(237, 237, 237, 237, 'C-16097391', 1),
(238, 238, 238, 238, 'C-40110448', 1),
(239, 239, 239, 239, 'C-54693159', 0),
(240, 240, 240, 240, 'C-11276821', 1),
(241, 241, 241, 241, 'C-07978579', 1),
(242, 242, 242, 242, 'C-79362702', 1),
(243, 243, 243, 243, 'C-11892762', 0),
(244, 244, 244, 244, 'C-35099031', 1),
(245, 245, 245, 245, 'C-39242402', 1),
(246, 246, 246, 246, 'C-71614861', 0),
(247, 247, 247, 247, 'C-28555421', 1),
(248, 248, 248, 248, 'C-99137595', 1),
(249, 249, 249, 249, 'C-05346509', 1),
(250, 250, 250, 250, 'C-65790496', 1),
(251, 251, 251, 251, 'C-89931981', 1),
(252, 252, 252, 252, 'C-12967452', 1),
(253, 253, 253, 253, 'C-05771264', 0),
(254, 254, 254, 254, 'C-38168499', 0),
(255, 255, 255, 255, 'C-23319981', 0),
(256, 256, 256, 256, 'C-74931071', 1),
(257, 257, 257, 257, 'C-73102489', 1),
(258, 258, 258, 258, 'C-87436761', 0),
(259, 259, 259, 259, 'C-72811566', 0),
(260, 260, 260, 260, 'C-61229969', 1),
(261, 261, 261, 261, 'C-38398681', 0),
(262, 262, 262, 262, 'C-80147848', 1),
(263, 263, 263, 263, 'C-23056343', 1),
(264, 264, 264, 264, 'C-87570106', 1),
(265, 265, 265, 265, 'C-52198656', 1),
(266, 266, 266, 266, 'C-21498800', 1),
(267, 267, 267, 267, 'C-17617635', 1),
(268, 268, 268, 268, 'C-43849963', 0),
(269, 269, 269, 269, 'C-36564774', 1),
(270, 270, 270, 270, 'C-07993497', 1),
(271, 271, 271, 271, 'C-25466300', 1),
(272, 272, 272, 272, 'C-10262139', 1),
(273, 273, 273, 273, 'C-14003462', 0),
(274, 274, 274, 274, 'C-31296892', 1),
(275, 275, 275, 275, 'C-12652174', 0),
(276, 276, 276, 276, 'C-25278781', 1),
(277, 277, 277, 277, 'C-60291820', 0),
(278, 278, 278, 278, 'C-22465825', 0),
(279, 279, 279, 279, 'C-00614948', 0),
(280, 280, 280, 280, 'C-38172564', 0),
(281, 281, 281, 281, 'C-48834452', 1),
(282, 282, 282, 282, 'C-63916478', 1),
(283, 283, 283, 283, 'C-48043823', 0),
(284, 284, 284, 284, 'C-35704393', 1),
(285, 285, 285, 285, 'C-04582526', 1),
(286, 286, 286, 286, 'C-21908804', 0),
(287, 287, 287, 287, 'C-94404821', 1),
(288, 288, 288, 288, 'C-54515369', 0),
(289, 289, 289, 289, 'C-86826198', 0),
(290, 290, 290, 290, 'C-58889992', 1),
(291, 291, 291, 291, 'C-05551347', 0),
(292, 292, 292, 292, 'C-88661162', 1),
(293, 293, 293, 293, 'C-95198392', 1),
(294, 294, 294, 294, 'C-73038481', 0),
(295, 295, 295, 295, 'C-36982042', 1),
(296, 296, 296, 296, 'C-92082663', 0),
(297, 297, 297, 297, 'C-11158066', 1),
(298, 298, 298, 298, 'C-34326305', 1),
(299, 299, 299, 299, 'C-64756486', 0),
(300, 300, 300, 300, 'C-51086855', 0),
(301, 301, 301, 301, 'C-62231299', 1),
(302, 302, 302, 302, 'C-94924862', 1),
(303, 303, 303, 303, 'C-37809843', 0),
(304, 304, 304, 304, 'C-81794928', 1),
(305, 305, 305, 305, 'C-44720315', 1),
(306, 306, 306, 306, 'C-81954391', 1),
(307, 307, 307, 307, 'C-97481225', 1),
(308, 308, 308, 308, 'C-78731714', 1),
(309, 309, 309, 309, 'C-96468593', 0),
(310, 310, 310, 310, 'C-53223876', 1),
(311, 311, 311, 311, 'C-32357851', 0),
(312, 312, 312, 312, 'C-95892221', 1),
(313, 313, 313, 313, 'C-51662417', 1),
(314, 314, 314, 314, 'C-10244746', 1),
(315, 315, 315, 315, 'C-54719361', 1),
(316, 316, 316, 316, 'C-36957422', 1),
(317, 317, 317, 317, 'C-76913488', 0),
(318, 318, 318, 318, 'C-47267619', 1),
(319, 319, 319, 319, 'C-14287404', 1),
(320, 320, 320, 320, 'C-72134580', 1),
(321, 321, 321, 321, 'C-46030016', 1),
(322, 322, 322, 322, 'C-59013266', 1),
(323, 323, 323, 323, 'C-59535935', 0),
(324, 324, 324, 324, 'C-03780695', 0),
(325, 325, 325, 325, 'C-77786227', 1),
(326, 326, 326, 326, 'C-85325166', 1),
(327, 327, 327, 327, 'C-98573691', 1),
(328, 328, 328, 328, 'C-57634715', 1),
(329, 329, 329, 329, 'C-35763796', 0),
(330, 330, 330, 330, 'C-69467691', 1),
(331, 331, 331, 331, 'C-47884717', 1),
(332, 332, 332, 332, 'C-69983580', 0),
(333, 333, 333, 333, 'C-29276363', 1),
(334, 334, 334, 334, 'C-56080407', 1),
(335, 335, 335, 335, 'C-60136961', 0),
(336, 336, 336, 336, 'C-49697643', 0),
(337, 337, 337, 337, 'C-62445825', 0),
(338, 338, 338, 338, 'C-97901211', 1),
(339, 339, 339, 339, 'C-04484271', 1),
(340, 340, 340, 340, 'C-80472810', 1),
(341, 341, 341, 341, 'C-19846606', 1),
(342, 342, 342, 342, 'C-25103618', 0),
(343, 343, 343, 343, 'C-78846593', 0),
(344, 344, 344, 344, 'C-93086776', 0),
(345, 345, 345, 345, 'C-80851790', 0),
(346, 346, 346, 346, 'C-55921688', 1),
(347, 347, 347, 347, 'C-98558766', 0),
(348, 348, 348, 348, 'C-44484910', 1),
(349, 349, 349, 349, 'C-80791935', 0),
(350, 350, 350, 350, 'C-98370825', 0),
(351, 351, 351, 351, 'C-52642500', 1),
(352, 352, 352, 352, 'C-47923164', 1),
(353, 353, 353, 353, 'C-00770941', 0),
(354, 354, 354, 354, 'C-24028059', 1),
(355, 355, 355, 355, 'C-33795911', 0),
(356, 356, 356, 356, 'C-98457410', 0),
(357, 357, 357, 357, 'C-96096307', 0),
(358, 358, 358, 358, 'C-06427467', 1),
(359, 359, 359, 359, 'C-12930418', 0),
(360, 360, 360, 360, 'C-24290005', 0),
(361, 361, 361, 361, 'C-05358601', 1),
(362, 362, 362, 362, 'C-67677719', 1),
(363, 363, 363, 363, 'C-08669599', 0),
(364, 364, 364, 364, 'C-14770975', 0),
(365, 365, 365, 365, 'C-41218105', 1),
(366, 366, 366, 366, 'C-43936625', 0),
(367, 367, 367, 367, 'C-38483189', 1),
(368, 368, 368, 368, 'C-22367105', 0),
(369, 369, 369, 369, 'C-64643700', 1),
(370, 370, 370, 370, 'C-00329194', 0),
(371, 371, 371, 371, 'C-82101053', 1),
(372, 372, 372, 372, 'C-27480823', 0),
(373, 373, 373, 373, 'C-46726322', 1),
(374, 374, 374, 374, 'C-63940367', 1),
(375, 375, 375, 375, 'C-31381116', 0),
(376, 376, 376, 376, 'C-28809555', 1),
(377, 377, 377, 377, 'C-52798085', 0),
(378, 378, 378, 378, 'C-97480297', 0),
(379, 379, 379, 379, 'C-63611281', 1),
(380, 380, 380, 380, 'C-68982034', 0),
(381, 381, 381, 381, 'C-75573669', 1),
(382, 382, 382, 382, 'C-12830046', 1),
(383, 383, 383, 383, 'C-98810079', 0),
(384, 384, 384, 384, 'C-06669324', 1),
(385, 385, 385, 385, 'C-14631962', 1),
(386, 386, 386, 386, 'C-13980085', 1),
(387, 387, 387, 387, 'C-89310861', 1),
(388, 388, 388, 388, 'C-93113076', 0),
(389, 389, 389, 389, 'C-05885978', 0),
(390, 390, 390, 390, 'C-51430375', 1),
(391, 391, 391, 391, 'C-69368431', 1),
(392, 392, 392, 392, 'C-93856775', 1),
(393, 393, 393, 393, 'C-04166573', 0),
(394, 394, 394, 394, 'C-83208904', 0),
(395, 395, 395, 395, 'C-98836215', 0),
(396, 396, 396, 396, 'C-84085184', 0),
(397, 397, 397, 397, 'C-04374404', 0),
(398, 398, 398, 398, 'C-71214559', 0),
(399, 399, 399, 399, 'C-95643908', 1),
(400, 400, 400, 400, 'C-33558653', 0),
(401, 401, 401, 401, 'C-33647166', 1),
(402, 402, 402, 402, 'C-74055388', 1),
(403, 403, 403, 403, 'C-16817944', 1),
(404, 404, 404, 404, 'C-53153081', 0),
(405, 405, 405, 405, 'C-10510599', 1),
(406, 406, 406, 406, 'C-04167709', 0),
(407, 407, 407, 407, 'C-50591046', 1),
(408, 408, 408, 408, 'C-84371102', 1),
(409, 409, 409, 409, 'C-76087905', 1),
(410, 410, 410, 410, 'C-79984164', 1),
(411, 411, 411, 411, 'C-11614623', 1),
(412, 412, 412, 412, 'C-01611113', 0),
(413, 413, 413, 413, 'C-37605308', 0),
(414, 414, 414, 414, 'C-04038351', 0),
(415, 415, 415, 415, 'C-69081224', 0),
(416, 416, 416, 416, 'C-41991800', 0),
(417, 417, 417, 417, 'C-87850598', 1),
(418, 418, 418, 418, 'C-03191293', 0),
(419, 419, 419, 419, 'C-20238490', 0),
(420, 420, 420, 420, 'C-46307897', 1),
(421, 421, 421, 421, 'C-57919874', 0),
(422, 422, 422, 422, 'C-11359098', 1),
(423, 423, 423, 423, 'C-55806831', 0),
(424, 424, 424, 424, 'C-69393914', 1),
(425, 425, 425, 425, 'C-67107506', 0),
(426, 426, 426, 426, 'C-33359823', 0),
(427, 427, 427, 427, 'C-32350036', 1),
(428, 428, 428, 428, 'C-43428274', 0),
(429, 429, 429, 429, 'C-15359452', 0),
(430, 430, 430, 430, 'C-96451847', 1),
(431, 431, 431, 431, 'C-03192443', 1),
(432, 432, 432, 432, 'C-81111190', 1),
(433, 433, 433, 433, 'C-00123167', 0),
(434, 434, 434, 434, 'C-57935942', 1),
(435, 435, 435, 435, 'C-61081444', 0),
(436, 436, 436, 436, 'C-89584279', 1),
(437, 437, 437, 437, 'C-60142078', 1),
(438, 438, 438, 438, 'C-11123811', 0),
(439, 439, 439, 439, 'C-65267813', 0),
(440, 440, 440, 440, 'C-83059278', 1),
(441, 441, 441, 441, 'C-92397811', 1),
(442, 442, 442, 442, 'C-70950489', 1),
(443, 443, 443, 443, 'C-18574661', 0),
(444, 444, 444, 444, 'C-26243467', 1),
(445, 445, 445, 445, 'C-46612564', 1),
(446, 446, 446, 446, 'C-87287615', 1),
(447, 447, 447, 447, 'C-83660214', 1),
(448, 448, 448, 448, 'C-84094346', 1),
(449, 449, 449, 449, 'C-70398526', 0),
(450, 450, 450, 450, 'C-92856738', 0),
(451, 451, 451, 451, 'C-27872352', 0),
(452, 452, 452, 452, 'C-69342363', 1),
(453, 453, 453, 453, 'C-72461334', 0),
(454, 454, 454, 454, 'C-24633895', 1),
(455, 455, 455, 455, 'C-45548789', 0),
(456, 456, 456, 456, 'C-55807333', 1),
(457, 457, 457, 457, 'C-56620580', 1),
(458, 458, 458, 458, 'C-81802685', 1),
(459, 459, 459, 459, 'C-38634208', 1),
(460, 460, 460, 460, 'C-30991835', 1),
(461, 461, 461, 461, 'C-48624145', 1),
(462, 462, 462, 462, 'C-39241818', 0),
(463, 463, 463, 463, 'C-43999217', 0),
(464, 464, 464, 464, 'C-57213354', 0),
(465, 465, 465, 465, 'C-58996119', 0),
(466, 466, 466, 466, 'C-91139214', 1),
(467, 467, 467, 467, 'C-85947139', 0),
(468, 468, 468, 468, 'C-43988211', 1),
(469, 469, 469, 469, 'C-42826149', 1),
(470, 470, 470, 470, 'C-83096136', 0),
(471, 471, 471, 471, 'C-11476436', 1),
(472, 472, 472, 472, 'C-24730198', 0),
(473, 473, 473, 473, 'C-92958722', 0),
(474, 474, 474, 474, 'C-77362827', 1),
(475, 475, 475, 475, 'C-64990255', 0),
(476, 476, 476, 476, 'C-32141283', 1),
(477, 477, 477, 477, 'C-93459211', 1),
(478, 478, 478, 478, 'C-44956424', 0),
(479, 479, 479, 479, 'C-02919539', 0),
(480, 480, 480, 480, 'C-56404821', 1),
(481, 481, 481, 481, 'C-67698004', 1),
(482, 482, 482, 482, 'C-05078035', 1),
(483, 483, 483, 483, 'C-36705382', 0),
(484, 484, 484, 484, 'C-20488413', 0),
(485, 485, 485, 485, 'C-27213223', 0),
(486, 486, 486, 486, 'C-47452954', 1),
(487, 487, 487, 487, 'C-86466646', 1),
(488, 488, 488, 488, 'C-09643437', 1),
(489, 489, 489, 489, 'C-41507292', 0),
(490, 490, 490, 490, 'C-49077711', 1),
(491, 491, 491, 491, 'C-20918156', 0),
(492, 492, 492, 492, 'C-10910498', 0),
(493, 493, 493, 493, 'C-20018221', 1),
(494, 494, 494, 494, 'C-48444804', 0),
(495, 495, 495, 495, 'C-48278904', 1),
(496, 496, 496, 496, 'C-43541751', 1),
(497, 497, 497, 497, 'C-03099858', 1),
(498, 498, 498, 498, 'C-35086840', 1),
(499, 499, 499, 499, 'C-50845255', 0),
(500, 500, 500, 500, 'C-32314267', 0),
(501, 501, 501, 501, 'C-61117662', 1);

--
-- Contraintes pour les tables déchargées
--

--
-- Contraintes pour la table `client`
--
ALTER TABLE `client`
  ADD CONSTRAINT `FK_C74404554ACC9A20` FOREIGN KEY (`card_id`) REFERENCES `card` (`id`),
  ADD CONSTRAINT `FK_C74404559B6B5FBA` FOREIGN KEY (`account_id`) REFERENCES `account` (`id`),
  ADD CONSTRAINT `FK_C7440455F5B7AF75` FOREIGN KEY (`address_id`) REFERENCES `address` (`id`);
COMMIT;

/*!40101 SET CHARACTER_SET_CLIENT=@OLD_CHARACTER_SET_CLIENT */;
/*!40101 SET CHARACTER_SET_RESULTS=@OLD_CHARACTER_SET_RESULTS */;
/*!40101 SET COLLATION_CONNECTION=@OLD_COLLATION_CONNECTION */;
